snapped_at,price,market_cap,total_volume
2019-11-19 00:00:00 UTC,1.000650588888066,1437645.8836350194,872764.2021398307
2019-11-20 00:00:00 UTC,0.9954110116644869,6945898.406513857,4841468.5490625035
2019-11-21 00:00:00 UTC,0.9915908692454622,8989928.0137391,1007819.5278591164
2019-11-22 00:00:00 UTC,0.9911021228250846,12494872.076604953,3679539.548076001
2019-11-23 00:00:00 UTC,0.9928500446120052,14391748.486608919,7201905.087479217
2019-11-24 00:00:00 UTC,0.9821199130342257,14697564.657745376,2071655.1111188007
2019-11-25 00:00:00 UTC,0.927535960047834,13934943.346314434,836399.0027745706
2019-11-26 00:00:00 UTC,0.9888113589915057,16428649.463907203,3671209.942193888
2019-11-27 00:00:00 UTC,0.9477039994203292,15787652.136815354,897874.3237497372
2019-11-28 00:00:00 UTC,0.9797532303288976,15754951.873730391,2005150.804457474
2019-11-29 00:00:00 UTC,0.9736842827784653,17766421.873473242,1759859.2756764512
2019-11-30 00:00:00 UTC,0.9823796549629766,19067967.22768785,1436978.7356604622
2019-12-01 00:00:00 UTC,0.947958034819108,19116829.497572385,651692.5755483737
2019-12-02 00:00:00 UTC,0.9692867758753012,21270234.563937634,1149947.991171052
2019-12-03 00:00:00 UTC,0.9931722472225812,38514746.91648468,818646.2523035532
2019-12-04 00:00:00 UTC,0.9762196669646119,44117485.146808125,1887706.8627085781
2019-12-05 00:00:00 UTC,0.978063576046384,44886458.61735102,2453374.971828814
2019-12-06 00:00:00 UTC,0.9766388581510979,44188406.22736558,1977848.0357278797
2019-12-07 00:00:00 UTC,0.9726688641283181,45391888.53901079,1443318.7343332556
2019-12-08 00:00:00 UTC,0.9687596124111794,43444916.85219919,1271166.6818732582
2019-12-09 00:00:00 UTC,0.9757126757054998,44686580.56870687,2284894.4595282935
2019-12-10 00:00:00 UTC,0.9743668145439941,43778795.94907159,1534918.4176092234
2019-12-11 00:00:00 UTC,0.9734734853699696,43609646.342096776,2082162.2457790365
2019-12-12 00:00:00 UTC,1.0000402732386735,45574452.93901587,2090124.0980966105
2019-12-13 00:00:00 UTC,0.9990270572914369,46033530.19020713,1867357.013060077
2019-12-14 00:00:00 UTC,1.004506003321739,46718171.34740256,1798362.05988889
2019-12-15 00:00:00 UTC,0.9990879396642474,46326305.22269202,975343.3900797946
2019-12-16 00:00:00 UTC,0.9953315678455207,46347768.93292016,957532.317483498
2019-12-17 00:00:00 UTC,1.0041174272867668,49236345.7379027,3879180.875625977
2019-12-18 00:00:00 UTC,1.0035311834668825,48052481.54799645,7233458.315494598
2019-12-19 00:00:00 UTC,1.001236941108159,47881989.88029857,6198504.735420286
2019-12-20 00:00:00 UTC,1.0001195264392,49258774.42647197,3429995.3243701984
2019-12-21 00:00:00 UTC,0.9972592645057585,43779851.32934509,2388440.3057888565
2019-12-22 00:00:00 UTC,0.9657993233443855,42462708.54012666,1500841.0057786622
2019-12-23 00:00:00 UTC,0.9830352782570829,43319642.212579764,1937175.8553383646
2019-12-24 00:00:00 UTC,0.983442785117267,43197962.1501458,3499497.733099163
2019-12-25 00:00:00 UTC,0.9790040930548111,42876969.875245765,2248938.1501088548
2019-12-26 00:00:00 UTC,0.9727306129325239,42013812.036031455,1738527.803403037
2019-12-27 00:00:00 UTC,0.9742495283691849,41216496.643668175,1826210.4349343437
2019-12-28 00:00:00 UTC,0.9744770865407593,41140003.28390296,1753946.8315831083
2019-12-29 00:00:00 UTC,0.9720845376983497,41312458.13496491,1733528.0714703307
2019-12-30 00:00:00 UTC,0.9845264335517296,42217539.83942108,3835350.372952979
2019-12-31 00:00:00 UTC,0.9818932700387747,41570453.64757815,2907183.7825299567
2020-01-01 00:00:00 UTC,0.9818469907264622,41778474.810325526,2779679.3967009764
2020-01-02 00:00:00 UTC,0.9726058008924008,41083185.19094878,1566522.3145138372
2020-01-03 00:00:00 UTC,0.978826383556656,41278022.173959784,2235376.3582284222
2020-01-04 00:00:00 UTC,0.98787714642571,42581602.14223324,3414141.9805833204
2020-01-05 00:00:00 UTC,0.9701337426756221,41388590.59059867,1521153.0986598108
2020-01-06 00:00:00 UTC,0.9811010361823272,41935818.1392408,2919902.3818726283
2020-01-07 00:00:00 UTC,0.99868002674042,44894739.590651274,5109722.516281013
2020-01-08 00:00:00 UTC,0.9956359758022523,47168618.15644877,6108257.628055667
2020-01-09 00:00:00 UTC,1.0004055374300225,46123776.55402997,7981251.2224688055
2020-01-10 00:00:00 UTC,1.0027315646284447,46010555.08001339,3935702.4269713294
2020-01-11 00:00:00 UTC,1.0066311782430477,83329194.30009556,2988226.143551149
2020-01-12 00:00:00 UTC,0.9946082949190382,83101741.42074405,1966588.731925116
2020-01-13 00:00:00 UTC,1.0011028036381404,84458742.08336683,2419176.745327148
2020-01-14 00:00:00 UTC,0.9930822014257257,85495814.02138372,2738414.547760363
2020-01-15 00:00:00 UTC,1.003530723355194,87284468.50076805,9898331.849913538
2020-01-16 00:00:00 UTC,0.9971617186713293,87663675.27361801,5644528.670003947
2020-01-17 00:00:00 UTC,0.9961147216136393,89222338.63485347,4790908.026606358
2020-01-18 00:00:00 UTC,0.9926702410381791,94452683.0623559,7439069.8992333
2020-01-19 00:00:00 UTC,0.9908555390638011,95750977.341536,6133686.181965463
2020-01-20 00:00:00 UTC,0.996875695797804,96638682.17044407,5800830.511168848
2020-01-21 00:00:00 UTC,0.9933925837295969,97204215.87515491,4114745.5660271687
2020-01-22 00:00:00 UTC,0.9936940350326489,98675239.9516217,3430258.2961013042
2020-01-23 00:00:00 UTC,0.9944358105287344,99973323.17849432,3209771.9536121367
2020-01-24 00:00:00 UTC,1.0015289410530894,100642563.13049892,3727158.6880870205
2020-01-25 00:00:00 UTC,0.9970788904190244,101217363.23020501,4047289.991191796
2020-01-26 00:00:00 UTC,0.9969064316551488,101589117.75428417,1654865.9000527794
2020-01-27 00:00:00 UTC,1.003130551775534,102572368.28320919,2110100.050776964
2020-01-28 00:00:00 UTC,0.9985682257719072,103533895.38618834,5912156.947658173
2020-01-29 00:00:00 UTC,1.006833924532294,105889812.14565243,5889566.450756087
2020-01-30 00:00:00 UTC,0.9950014015342008,105739484.00904961,4343116.008701769
2020-01-31 00:00:00 UTC,0.9964017842515547,107294604.3455077,6091137.976753929
2020-02-01 00:00:00 UTC,0.9957237797993543,107092084.61306506,4083281.710022927
2020-02-02 00:00:00 UTC,0.9952900349470037,107414287.24037214,2919913.9109953986
2020-02-03 00:00:00 UTC,0.9974633291392077,106714941.97582336,6492993.8202920975
2020-02-04 00:00:00 UTC,0.9973003461706084,107667359.50352721,5686633.825617219
2020-02-05 00:00:00 UTC,1.002104738554442,110469099.30394429,4712431.980409517
2020-02-06 00:00:00 UTC,0.9950501206830759,111404177.02940492,8969054.245613642
2020-02-07 00:00:00 UTC,1.0028798373478325,112357810.36645739,10251945.492562842
2020-02-08 00:00:00 UTC,1.0054763464136693,113742950.36056434,7367958.489540015
2020-02-09 00:00:00 UTC,0.9981917093287868,113854708.2034847,9407195.511404995
2020-02-10 00:00:00 UTC,1.0028573170706314,115593622.08550976,10694917.609953318
2020-02-11 00:00:00 UTC,1.0002149214245852,115780845.51222603,7763094.070453152
2020-02-12 00:00:00 UTC,0.9970840129115716,116713432.18182547,12754824.403345698
2020-02-13 00:00:00 UTC,1.0012318652404082,118237904.59823069,23368510.438639686
2020-02-14 00:00:00 UTC,1.0016264036300981,121852077.59133922,15127463.223529406
2020-02-15 00:00:00 UTC,0.9983210322946459,123258195.23984866,11442067.98246854
2020-02-16 00:00:00 UTC,0.9913101288376103,124365747.5669735,14384586.710372958
2020-02-17 00:00:00 UTC,0.99461967445392,126511838.39251125,8777179.546953732
2020-02-18 00:00:00 UTC,1.0033610480322328,125802104.78200884,16794576.476204652
2020-02-19 00:00:00 UTC,0.9980721630528708,121601576.73523311,11894163.604098914
2020-02-20 00:00:00 UTC,0.9951789367526033,119343202.26409605,8456432.798489302
2020-02-21 00:00:00 UTC,0.9955517639844423,119994841.40772739,8964512.860847602
2020-02-22 00:00:00 UTC,0.99937911484284,120669545.82334405,4538406.9420609325
2020-02-23 00:00:00 UTC,0.9982416017938769,119999879.67666121,4285597.834427913
2020-02-24 00:00:00 UTC,0.9996778157989938,121265667.2423385,4692679.321476996
2020-02-25 00:00:00 UTC,1.0016255128311655,122221847.68163554,7347148.1113532195
2020-02-26 00:00:00 UTC,1.0016701197682019,124333572.22642156,11471020.416794857
2020-02-27 00:00:00 UTC,1.000658651642255,122816784.24678782,31119136.59702649
2020-02-28 00:00:00 UTC,1.0055549726342838,122762632.1099471,29349030.759519402
2020-02-29 00:00:00 UTC,1.0062604153398123,120359117.12014687,14583954.013365462
2020-03-01 00:00:00 UTC,1.0017612588415212,119609005.93040194,5834319.752404206
2020-03-02 00:00:00 UTC,1.0157610473297967,118898199.0078139,14291833.671958853
2020-03-03 00:00:00 UTC,1.0013303419976693,117598592.49232955,10902489.187577983
2020-03-04 00:00:00 UTC,1.0005239678898248,118062741.86893427,6393198.157259296
2020-03-05 00:00:00 UTC,1.0011585884975858,118091309.22448184,3526124.9944094718
2020-03-06 00:00:00 UTC,1.0018665661856252,117956144.91908818,8438207.784140307
2020-03-07 00:00:00 UTC,1.0009370617587134,121583102.75306728,8209675.878863427
2020-03-08 00:00:00 UTC,1.0011100918922584,122124689.81473872,7118773.757322247
2020-03-09 00:00:00 UTC,0.999634001400076,119868152.90353057,16676320.024063233
2020-03-10 00:00:00 UTC,1.0133454590832365,120616081.0191986,34679560.32810213
2020-03-11 00:00:00 UTC,1.0035791583102287,119504802.9923777,13426474.807645634
2020-03-12 00:00:00 UTC,1.028993670663757,120666966.26351641,18199936.30030492
2020-03-13 00:00:00 UTC,1.0585118673161018,113644743.1967267,73262150.556962
2020-03-14 00:00:00 UTC,1.0221261501217984,99870494.32027704,75311471.2213296
2020-03-15 00:00:00 UTC,1.0338959489599941,97374033.90008265,22809719.813322768
2020-03-16 00:00:00 UTC,1.0360321010623947,99441931.96500085,33066128.964276336
2020-03-17 00:00:00 UTC,1.0425820781716553,94982374.33248898,37549313.94390234
2020-03-18 00:00:00 UTC,1.0211502331022064,92513457.80079806,12835991.647714913
2020-03-19 00:00:00 UTC,1.0197913375907521,95234501.65493493,10859932.106435493
2020-03-20 00:00:00 UTC,1.0216763101118604,82433487.93312806,15668620.662544277
2020-03-21 00:00:00 UTC,1.0270024382553724,85363929.54314758,20975351.658401147
2020-03-22 00:00:00 UTC,1.0158880378233444,84357671.64803812,7404150.717139566
2020-03-23 00:00:00 UTC,1.0230456487018709,83248499.82178488,5713513.596223619
2020-03-24 00:00:00 UTC,1.0345524436413382,83487153.15812723,12515427.819627758
2020-03-25 00:00:00 UTC,1.0282594563087681,84073256.11515568,9009069.320606543
2020-03-26 00:00:00 UTC,1.0234829854420586,83080450.09868547,6331908.647759249
2020-03-27 00:00:00 UTC,1.022168142467542,83803875.24578273,11517548.212092632
2020-03-28 00:00:00 UTC,1.0158260627511206,82564357.44305213,8527226.71388399
2020-03-29 00:00:00 UTC,1.0232830596300926,83783726.44999662,8322417.042930316
2020-03-30 00:00:00 UTC,1.0288726162454438,83645143.84669583,4190198.392805609
2020-03-31 00:00:00 UTC,1.011618462830379,83014572.9706177,7177832.669057395
2020-04-01 00:00:00 UTC,1.0146732672736998,84604916.28342433,6438768.006181488
2020-04-02 00:00:00 UTC,1.0276849750534407,85377599.02522989,3102351.4064354617
2020-04-03 00:00:00 UTC,1.0162269655553686,87174649.33655205,8057718.951111519
2020-04-04 00:00:00 UTC,1.01660695117564,87736192.35390392,5585931.183703878
2020-04-05 00:00:00 UTC,1.0077521233098292,87798252.04791698,4039833.2344215163
2020-04-06 00:00:00 UTC,1.0141018257696253,87512092.50721036,1848219.775190615
2020-04-07 00:00:00 UTC,1.0132309738366407,87837561.8238634,14066694.22422243
2020-04-08 00:00:00 UTC,1.0355420371733384,82750899.6185503,22863660.077947088
2020-04-09 00:00:00 UTC,1.020983587133946,81205780.97833264,8502651.648283442
2020-04-10 00:00:00 UTC,1.0194914502089116,81806776.9747962,4962892.974782187
2020-04-11 00:00:00 UTC,1.0167789006981156,81417142.97538565,9139874.346621221
2020-04-12 00:00:00 UTC,1.0226139807441217,82301197.26202875,4425484.074323714
2020-04-13 00:00:00 UTC,1.0103706554038494,81588951.96078049,5217434.318751715
2020-04-14 00:00:00 UTC,1.0202875389667503,81930549.92481373,4488192.758769767
2020-04-15 00:00:00 UTC,1.0185738531728372,81971474.7621311,3918795.3429010436
2020-04-16 00:00:00 UTC,1.0156976981885217,82443814.17918995,4884124.519263727
2020-04-17 00:00:00 UTC,1.0280919317711896,83107753.70619087,11556873.948543988
2020-04-18 00:00:00 UTC,1.018614741290811,82938248.99037026,4913084.616867657
2020-04-19 00:00:00 UTC,1.0183649932705614,85096331.35155188,7373015.761029327
2020-04-20 00:00:00 UTC,1.012430541962875,88395292.67896853,12513345.136391478
2020-04-21 00:00:00 UTC,1.0154811227756186,89671208.62946357,12757312.637916617
2020-04-22 00:00:00 UTC,1.0116988778440363,90443235.15227863,7608355.026213778
2020-04-23 00:00:00 UTC,1.0155935815041803,91076089.11121702,6682593.018190058
2020-04-24 00:00:00 UTC,1.0112255175327485,94361062.13486812,16259294.207388101
2020-04-25 00:00:00 UTC,1.0121260250483017,96484374.24842685,5319683.917357127
2020-04-26 00:00:00 UTC,1.0123060272360334,97159438.44319566,6372353.245425348
2020-04-27 00:00:00 UTC,1.0081031838112955,97931890.0610497,6309717.574339675
2020-04-28 00:00:00 UTC,1.0146647767899108,98193616.58432366,59335945.73923325
2020-04-29 00:00:00 UTC,1.0107295147449078,98373949.97019994,61764084.490199044
2020-04-30 00:00:00 UTC,1.008369227626776,101018885.91953857,80147458.31109305
2020-05-01 00:00:00 UTC,1.0157523359595033,101749293.0265788,82546533.94468535
2020-05-02 00:00:00 UTC,1.0171769742808863,100358351.38636166,71097446.58780056
2020-05-03 00:00:00 UTC,1.0130946479482006,108999255.71291386,67536012.82142363
2020-05-04 00:00:00 UTC,1.0080986160689491,111837515.80950211,79134724.35643825
2020-05-05 00:00:00 UTC,1.0053387446864221,111891118.40861142,82496684.75223292
2020-05-06 00:00:00 UTC,1.0060571636188487,112363389.56415515,69274086.17292473
2020-05-07 00:00:00 UTC,1.0028032485242824,112285016.21828322,67894453.77462532
2020-05-08 00:00:00 UTC,1.0030852896404625,111873856.59437445,77888429.47258253
2020-05-09 00:00:00 UTC,0.9987159952440999,111758621.32927436,73958761.54194084
2020-05-10 00:00:00 UTC,1.0031511900901189,112704063.64743033,9980887.721365243
2020-05-11 00:00:00 UTC,1.0057287271683313,110301832.60521017,42628066.31115819
2020-05-12 00:00:00 UTC,1.0065059511504812,109685940.28924671,16520206.260915466
2020-05-13 00:00:00 UTC,1.0054369334848092,109061153.63652559,9137534.481173225
2020-05-14 00:00:00 UTC,1.0088827751434393,108482288.17422742,12599760.652903017
2020-05-15 00:00:00 UTC,1.0039273598765939,109739787.66247982,12362776.728521973
2020-05-16 00:00:00 UTC,1.005172769515263,110287509.71683836,7926338.202105273
2020-05-17 00:00:00 UTC,1.007652988827324,110976490.4278753,5463027.5965495445
2020-05-18 00:00:00 UTC,1.0082071085938946,111791114.32282807,9190121.864530452
2020-05-19 00:00:00 UTC,1.00265134562914,114476289.63808881,12135848.168900637
2020-05-20 00:00:00 UTC,1.0015936167589072,114782483.27563262,11434101.10755714
2020-05-21 00:00:00 UTC,1.0005800795789923,120124927.45777301,8424955.20015326
2020-05-22 00:00:00 UTC,0.999726619260153,119229931.96290539,13737891.276322722
2020-05-23 00:00:00 UTC,1.0029018984573848,124107292.46895872,6209293.576090934
2020-05-24 00:00:00 UTC,1.0012840751383834,121333689.11516446,8402795.263142167
2020-05-25 00:00:00 UTC,0.9940505392978102,121216901.15340765,8579431.014157588
2020-05-26 00:00:00 UTC,1.0011748713827286,121256916.91697894,21447973.3111946
2020-05-27 00:00:00 UTC,1.0026693011295278,120523010.95791055,33961579.47092256
2020-05-28 00:00:00 UTC,1.0029837796768515,120650456.81529352,28724609.232003797
2020-05-29 00:00:00 UTC,1.0022482706589981,120836438.53919819,14838583.705820337
2020-05-30 00:00:00 UTC,1.0016123911223818,122347744.78277592,11390298.888224186
2020-05-31 00:00:00 UTC,1.0010961763985426,126153595.59898758,18084977.82144858
2020-06-01 00:00:00 UTC,1.0010405386742005,130156743.1883779,9230354.96473322
2020-06-02 00:00:00 UTC,1.0093583943987412,126002370.30860972,14550461.023950482
2020-06-03 00:00:00 UTC,1.0034604494655768,121833234.37153426,25596164.13770915
2020-06-04 00:00:00 UTC,1.0016337334524368,132406317.19183417,18200696.396539144
2020-06-05 00:00:00 UTC,1.0019274271454799,132259957.25114259,8076350.874831972
2020-06-06 00:00:00 UTC,1.0008943218369382,132609399.83749643,6987048.40643244
2020-06-07 00:00:00 UTC,1.0011658355102497,132450126.64716485,5229857.179830397
2020-06-08 00:00:00 UTC,1.0028921890772797,135549642.15868178,12325178.872147176
2020-06-09 00:00:00 UTC,1.0013852658720932,135364072.30838552,15153290.382458348
2020-06-10 00:00:00 UTC,1.0027075095638978,121327219.76273414,12889133.877831712
2020-06-11 00:00:00 UTC,1.0028423637008657,121599426.80026667,10944826.777396744
2020-06-12 00:00:00 UTC,1.0035986953908858,125923811.3336495,29970905.640112784
2020-06-13 00:00:00 UTC,1.001101609344178,123952237.57413386,12101165.890874768
2020-06-14 00:00:00 UTC,1.0006031163064844,123845060.05397852,6396081.2930376055
2020-06-15 00:00:00 UTC,1.0127586097459627,119829990.9818713,30559577.495316226
2020-06-16 00:00:00 UTC,1.0084836840919005,116341349.50257051,25763741.16739927
2020-06-17 00:00:00 UTC,1.0046452709852527,117505080.73788546,20752975.579523098
2020-06-18 00:00:00 UTC,1.0102215778648083,119156353.55191788,13569471.751638357
2020-06-19 00:00:00 UTC,1.0102030394731476,120463657.39265442,18216445.052029613
2020-06-20 00:00:00 UTC,1.0091863236019432,125014843.22416101,39629792.98636998
2020-06-21 00:00:00 UTC,1.0074889492753432,126475657.08322255,21509040.009255245
2020-06-22 00:00:00 UTC,1.0078753961707347,125999317.69857492,25878040.92024735
2020-06-23 00:00:00 UTC,1.0058424193367426,130842491.96865481,20556756.212470103
2020-06-24 00:00:00 UTC,1.006407293068207,128045258.96495633,17779202.698463865
2020-06-25 00:00:00 UTC,1.0079036280011446,129833259.98245533,18749356.518397134
2020-06-26 00:00:00 UTC,1.003260009316931,128732634.87557055,26654181.854110673
2020-06-27 00:00:00 UTC,1.0028779751353332,129428187.21117312,14231193.704569882
2020-06-28 00:00:00 UTC,1.0046897358236113,130070969.03170389,17470476.33060354
2020-06-29 00:00:00 UTC,1.0050904936850806,129354464.83594099,16283680.285792325
2020-06-30 00:00:00 UTC,1.00434127298697,129257127.90720613,13192429.996791285
2020-07-01 00:00:00 UTC,1.0093457090214413,129588690.80676387,18246795.080792915
2020-07-02 00:00:00 UTC,1.014286992535787,148046336.0144475,44499692.29758424
2020-07-03 00:00:00 UTC,1.0078523826855452,149186035.21665615,33527174.795227624
2020-07-04 00:00:00 UTC,1.0156185354961496,164978171.92274067,61652819.41225393
2020-07-05 00:00:00 UTC,1.0133455913700247,170877175.21063322,40647113.82305572
2020-07-06 00:00:00 UTC,1.0121468524680692,176652872.08065277,31491744.127043862
2020-07-07 00:00:00 UTC,1.0160733170841854,182138140.53510058,56536385.80429105
2020-07-08 00:00:00 UTC,1.0117303017336907,186937930.3225952,111277012.25621071
2020-07-09 00:00:00 UTC,1.0151734473665874,189122931.2277246,72266484.83206327
2020-07-10 00:00:00 UTC,1.0188020823751853,189777883.17142147,86492210.2483272
2020-07-11 00:00:00 UTC,1.017898893727827,192464452.95129797,30222720.77915026
2020-07-12 00:00:00 UTC,1.018589647820453,201345310.0622044,34763124.284439325
2020-07-13 00:00:00 UTC,1.0190114760403546,194491882.0326116,21162292.34237311
2020-07-14 00:00:00 UTC,1.0160665885025066,198857973.3928572,20483816.27870021
2020-07-15 00:00:00 UTC,1.0141405362189448,199399809.94038838,17086612.13795161
2020-07-16 00:00:00 UTC,1.0124208223594109,200950738.51034832,23870877.433123164
2020-07-17 00:00:00 UTC,1.0154230785723364,201961616.26915804,32722517.879681848
2020-07-18 00:00:00 UTC,1.0123474647968156,210379200.86005774,38461147.8516196
2020-07-19 00:00:00 UTC,1.010928691167523,212167294.68489894,81091767.70515035
2020-07-20 00:00:00 UTC,1.0083009724548522,221183785.58543697,186066153.84681076
2020-07-21 00:00:00 UTC,1.0102731785753174,220578968.86041912,205818422.14106044
2020-07-22 00:00:00 UTC,1.0090033683638906,222782669.18944073,78681842.05536518
2020-07-23 00:00:00 UTC,1.0263833142094065,224399095.17973483,79083875.26441436
2020-07-24 00:00:00 UTC,1.0310669792711837,260784026.33687532,96265741.46770227
2020-07-25 00:00:00 UTC,1.03404966156045,285136546.8119523,171260376.54671633
2020-07-26 00:00:00 UTC,1.0052305170169586,254444724.58729285,228006990.33430824
2020-07-27 00:00:00 UTC,1.0076346095912274,276975318.1032313,383679746.6975186
2020-07-28 00:00:00 UTC,1.0092467175309172,287337611.2356174,154379861.47844037
2020-07-29 00:00:00 UTC,1.0182579504390863,301443469.61440885,110762220.64579502
2020-07-30 00:00:00 UTC,1.0271552405192916,330149282.99283665,178430757.20223334
2020-07-31 00:00:00 UTC,1.031469079101571,347418058.4233858,243913370.4615896
2020-08-01 00:00:00 UTC,1.0197839307700844,370563791.73043424,137603751.08566752
2020-08-02 00:00:00 UTC,1.0161380745880462,368973993.62775385,111947804.285245
2020-08-03 00:00:00 UTC,1.0184439256348397,369885939.6288296,177641219.99396208
2020-08-04 00:00:00 UTC,1.0114740611561404,385394038.34755677,144907469.13243562
2020-08-05 00:00:00 UTC,1.0142708243002554,386659620.0389415,70765786.0791996
2020-08-06 00:00:00 UTC,1.0151374585392157,389543205.6139353,71020223.35541321
2020-08-07 00:00:00 UTC,1.0145878610446175,380719415.7497119,65842281.684171125
2020-08-08 00:00:00 UTC,1.017272230994722,384611513.89705455,99098142.44812594
2020-08-09 00:00:00 UTC,1.0194628914811323,383999249.12323195,55557466.24981468
2020-08-10 00:00:00 UTC,1.0165522957872664,383463405.40891385,69556714.98104867
2020-08-11 00:00:00 UTC,1.0160856515603958,424372186.0774024,129533696.12015164
2020-08-12 00:00:00 UTC,1.02215618451773,428380630.16322786,126551537.35317998
2020-08-13 00:00:00 UTC,1.014803378957075,425553140.7532102,107967394.1218999
2020-08-14 00:00:00 UTC,1.0159996097774495,435923683.05305076,88814157.9941942
2020-08-15 00:00:00 UTC,1.0076552206789617,415657266.9815674,619757917.7033128
2020-08-16 00:00:00 UTC,1.0059143317077286,415930724.58108544,82313126.55179997
2020-08-17 00:00:00 UTC,1.006604770954402,423689537.28378683,114057776.28385629
2020-08-18 00:00:00 UTC,1.0027290223863776,429635612.2051514,107210181.408346
2020-08-19 00:00:00 UTC,1.0033493037232624,428248084.1811536,84969755.3441264
2020-08-20 00:00:00 UTC,1.006113520741988,422939402.7731869,119213092.53651753
2020-08-21 00:00:00 UTC,1.0052412322803188,433406175.0136079,138033284.94722873
2020-08-22 00:00:00 UTC,1.0064710585637455,435985038.4436561,89432356.54684582
2020-08-23 00:00:00 UTC,1.004392832546498,443541608.272149,84570112.63657817
2020-08-24 00:00:00 UTC,1.0065246146402498,445425128.8674605,79796617.09292749
2020-08-25 00:00:00 UTC,1.0168139782195764,449461905.93555105,125294934.77974531
2020-08-26 00:00:00 UTC,1.0143677375215097,450681551.7947641,98685518.21080324
2020-08-27 00:00:00 UTC,1.0118084205481408,453067357.68045026,76394478.51628251
2020-08-28 00:00:00 UTC,1.0150988845020101,450446823.4645822,90917057.70492078
2020-08-29 00:00:00 UTC,1.0141416167860233,449994717.1680161,106327435.4349841
2020-08-30 00:00:00 UTC,1.0118622954965042,442729019.277792,145320242.02985457
2020-08-31 00:00:00 UTC,1.0147912953785534,448769575.1624346,154876127.20609236
2020-09-01 00:00:00 UTC,1.015792443457158,445706299.8286813,132663427.8690695
2020-09-02 00:00:00 UTC,1.013843712987528,468313157.81010205,144026881.68522987
2020-09-03 00:00:00 UTC,1.0067997562699982,493459666.4078496,233589835.51061395
2020-09-04 00:00:00 UTC,1.002509589093702,520082677.3568309,310388671.98589134
2020-09-05 00:00:00 UTC,1.019604681070637,467054804.573293,271727518.02081853
2020-09-06 00:00:00 UTC,1.017019178258205,442472478.61251414,384848162.030727
2020-09-07 00:00:00 UTC,1.0189274340553884,432144169.8408567,191833489.01114386
2020-09-08 00:00:00 UTC,1.0292279490237684,438965908.3577825,183684823.50639355
2020-09-09 00:00:00 UTC,1.0281626495286207,440052030.08919734,158176738.56978497
2020-09-10 00:00:00 UTC,1.0329160709582648,438478453.44916964,201299922.52634776
2020-09-11 00:00:00 UTC,1.0338383378593392,462422578.7820096,158984986.3699771
2020-09-12 00:00:00 UTC,1.0367542619395256,467274663.43907475,94204895.36310042
2020-09-13 00:00:00 UTC,1.0290300592787494,473702954.87039393,111994852.52482648
2020-09-14 00:00:00 UTC,1.0243292891200624,473768021.19938374,159265577.5614005
2020-09-15 00:00:00 UTC,1.0342242570500206,542737180.3875185,326698169.27649254
2020-09-16 00:00:00 UTC,1.0200901374567304,614117909.12788,382564315.33287984
2020-09-17 00:00:00 UTC,1.0148550484085324,576012225.2677411,208111306.02873942
2020-09-18 00:00:00 UTC,1.0189257537304444,638473703.3314567,256192966.83980912
2020-09-19 00:00:00 UTC,1.0200394930338168,696586953.4959334,248811532.38317335
2020-09-20 00:00:00 UTC,1.0092981982357934,786231125.0827093,413346414.04524136
2020-09-21 00:00:00 UTC,1.0117937695664536,807885339.8576907,132629930.82042857
2020-09-22 00:00:00 UTC,1.007748356236224,835983751.5603226,268700415.165914
2020-09-23 00:00:00 UTC,1.0107882531666048,850969076.1490853,143308668.93906683
2020-09-24 00:00:00 UTC,1.011799773900846,895329363.4878249,261565614.25755346
2020-09-25 00:00:00 UTC,1.0110460603196134,905894981.8781791,230646335.18492487
2020-09-26 00:00:00 UTC,1.010034681849911,904955086.5061586,145795406.19998842
2020-09-27 00:00:00 UTC,1.0092794849182927,926941251.809561,164987845.58917204
2020-09-28 00:00:00 UTC,1.0103136519355185,926075191.7416558,102879097.09588312
2020-09-29 00:00:00 UTC,1.0111054578885919,912251122.6089327,99616035.60384634
2020-09-30 00:00:00 UTC,1.0126325098772224,912393640.367443,181473891.24091774
2020-10-01 00:00:00 UTC,1.0108310786542363,905012707.0334795,70084406.90491569
2020-10-02 00:00:00 UTC,1.011451614388852,879787761.344599,143980891.56214258
2020-10-03 00:00:00 UTC,1.0121731041134197,879406014.4694026,93405759.68698391
2020-10-04 00:00:00 UTC,1.0067743833884664,873047486.7535082,51448051.79043707
2020-10-05 00:00:00 UTC,1.0099923249037401,870811583.0038098,70254430.6243769
2020-10-06 00:00:00 UTC,1.0103872090987578,868989851.2511597,67660365.06948444
2020-10-07 00:00:00 UTC,1.01106476009993,879910777.9010037,119112982.67162272
2020-10-08 00:00:00 UTC,1.0087821611448313,874601044.6423581,76137388.69218999
2020-10-09 00:00:00 UTC,1.0114453357250697,877710215.880657,77272432.58854191
2020-10-10 00:00:00 UTC,1.0134814552110463,895570109.5545263,132552409.81109273
2020-10-11 00:00:00 UTC,1.0100277424919535,902553744.5359987,153282109.865688
2020-10-12 00:00:00 UTC,1.0101182414141794,916255255.1130242,102425688.00239088
2020-10-13 00:00:00 UTC,1.0087544813057017,918663867.6634195,100384672.13823669
2020-10-14 00:00:00 UTC,1.009421542626566,939968263.9920814,83460576.01250416
2020-10-15 00:00:00 UTC,1.0101769337115458,919880371.3876601,79918916.47594869
2020-10-16 00:00:00 UTC,1.0056486305861077,916510953.7979746,104946581.25394261
2020-10-17 00:00:00 UTC,1.0102750636876079,914504041.8348694,96730871.9514299
2020-10-18 00:00:00 UTC,1.0069282575281142,911111877.8970674,59381911.00562741
2020-10-19 00:00:00 UTC,1.0096875567577945,912591980.1913586,71272441.4437626
2020-10-20 00:00:00 UTC,1.0080692647346166,908877156.655067,73598515.52760999
2020-10-21 00:00:00 UTC,1.0085767631739153,915037890.5654364,86880010.64193504
2020-10-22 00:00:00 UTC,0.9901617164481392,925408778.0846344,123694627.32794632
2020-10-23 00:00:00 UTC,0.9989112683643528,920335887.1722552,240361233.45819685
2020-10-24 00:00:00 UTC,1.008586814823936,944023837.3928032,163970084.77968004
2020-10-25 00:00:00 UTC,1.0035178912646192,940605460.4903929,90068443.95091695
2020-10-26 00:00:00 UTC,1.0049002054637888,941736520.207861,64368259.55822022
2020-10-27 00:00:00 UTC,1.0037832997069605,936683109.2222742,130083586.35969722
2020-10-28 00:00:00 UTC,1.0084375913570183,951070597.9092207,127696205.45757972
2020-10-29 00:00:00 UTC,1.0096362616735524,949416508.7121079,113714641.99724235
2020-10-30 00:00:00 UTC,1.0095032808135154,944896121.2424952,131464458.18903461
2020-10-31 00:00:00 UTC,1.0092055567860077,933332296.9359943,118365988.44922578
2020-11-01 00:00:00 UTC,1.006978157552671,934987784.2517729,70855290.84663925
2020-11-02 00:00:00 UTC,1.0071550073074547,945481140.4376746,70427626.72160953
2020-11-03 00:00:00 UTC,1.0082878143030813,954232997.733601,93962441.38517478
2020-11-04 00:00:00 UTC,1.0112581064673822,960429815.1141406,89714520.03912018
2020-11-05 00:00:00 UTC,1.007991367052831,950721834.24844,103129634.1951591
2020-11-06 00:00:00 UTC,1.0084047866106398,954813315.5725954,112431610.20876321
2020-11-07 00:00:00 UTC,1.0102580117779523,960717584.7301885,130924134.4900995
2020-11-08 00:00:00 UTC,1.011663068060033,961963363.5308893,148467814.81838876
2020-11-09 00:00:00 UTC,1.0079874730972407,960402760.2197763,89595646.1256635
2020-11-10 00:00:00 UTC,1.0089434119430332,965004126.9486557,206799366.8171205
2020-11-11 00:00:00 UTC,1.0044079587268302,971958281.7271044,108206429.35636735
2020-11-12 00:00:00 UTC,1.00620621401877,1000763128.8695964,168508505.66122752
2020-11-13 00:00:00 UTC,1.0062919528098577,997895359.091622,101844933.91831282
2020-11-14 00:00:00 UTC,1.0066576963159324,1004871784.9811169,110407405.70082355
2020-11-15 00:00:00 UTC,1.007333721357123,1008866537.249156,506885433.0440434
2020-11-16 00:00:00 UTC,1.0076772413119028,1017953548.5741978,112411083.61564484
2020-11-17 00:00:00 UTC,1.0041588182559193,1016148604.5273948,106897056.49332699
2020-11-18 00:00:00 UTC,1.0044084491452012,1016200632.5115343,197990349.10491142
2020-11-19 00:00:00 UTC,1.0039541503198945,1003569676.6791698,153195924.02231467
2020-11-20 00:00:00 UTC,1.0041266796669674,994993026.6316115,122549198.14293031
2020-11-21 00:00:00 UTC,1.003997497887198,1003964085.285479,166727833.04852536
2020-11-22 00:00:00 UTC,1.0022353396471397,1021430146.6796286,149582138.497193
2020-11-23 00:00:00 UTC,0.9977126028546043,1019106432.2002233,156130643.15264875
2020-11-24 00:00:00 UTC,1.000809617318738,1021978286.7076933,162604641.16191018
2020-11-25 00:00:00 UTC,0.9996007107388801,1040327443.7826818,177487171.26167434
2020-11-26 00:00:00 UTC,1.0016639866047627,1046944868.512142,140512596.07242182
2020-11-27 00:00:00 UTC,1.0026630047193503,1018550643.6897508,783070514.3228539
2020-11-28 00:00:00 UTC,1.0057023260199334,1018400751.8648062,126765632.96076958
2020-11-29 00:00:00 UTC,1.0014448588477023,1018766803.7597666,97288666.9400101
2020-11-30 00:00:00 UTC,1.0038303130228767,1032744526.3143679,93357915.93491669
2020-12-01 00:00:00 UTC,1.0067139903046307,1053153622.0227195,337464474.913698
2020-12-02 00:00:00 UTC,0.9998594132092387,1060561104.7505634,215796542.25672346
2020-12-03 00:00:00 UTC,1.0017483192282146,1075054852.3861766,145392321.87076277
2020-12-04 00:00:00 UTC,1.0054329424079713,1082410957.0213995,118578020.13160312
2020-12-05 00:00:00 UTC,1.0064133770022667,1069432513.7875248,184452629.77144933
2020-12-06 00:00:00 UTC,1.0028490896049715,1072362247.89212,113309551.60668488
2020-12-07 00:00:00 UTC,1.0068006996012946,1080081106.7356343,128811624.49855916
2020-12-08 00:00:00 UTC,1.005306967793248,1075282316.7904372,110734793.40731314
2020-12-09 00:00:00 UTC,1.0039815624115012,1070751653.4440418,140529351.0789409
2020-12-10 00:00:00 UTC,1.0035085601491047,1085108811.1231315,218294053.10767677
2020-12-11 00:00:00 UTC,1.005372535501921,1084066685.8116498,141716013.63030258
2020-12-12 00:00:00 UTC,1.0036036169223985,1067245733.9220265,206247419.36043718
2020-12-13 00:00:00 UTC,1.000488540999129,1096918108.0290563,158666933.43592957
2020-12-14 00:00:00 UTC,1.003309249203171,1096278223.5143414,118614752.01383205
2020-12-15 00:00:00 UTC,1.0015915121586545,1097264907.1018353,112408350.65328379
2020-12-16 00:00:00 UTC,1.00156212013962,1099420117.1674755,136854588.53048941
2020-12-17 00:00:00 UTC,0.9998708381249218,1116445402.2820058,112364298.08313337
2020-12-18 00:00:00 UTC,0.9975950119333132,1126334598.402792,395162904.3168232
2020-12-19 00:00:00 UTC,0.9996464166411867,1125881485.3546734,196284163.75964895
2020-12-20 00:00:00 UTC,1.0005087865996338,1136671406.5794878,191596409.86892384
2020-12-21 00:00:00 UTC,1.002830766124898,1126025513.9416282,195915214.4760891
2020-12-22 00:00:00 UTC,1.0015152866035377,1127354335.381387,220368978.88982132
2020-12-23 00:00:00 UTC,1.0039763394576902,1124828785.5777752,206775846.06571284
2020-12-24 00:00:00 UTC,1.0081849668726688,1122542253.0742307,250159992.86766398
2020-12-25 00:00:00 UTC,1.0035882344000502,1118199010.362518,283729033.85286087
2020-12-26 00:00:00 UTC,1.0041578614525521,1119210792.1688812,193039047.9843609
2020-12-27 00:00:00 UTC,1.0056255534033343,1129131574.5315223,221850756.82035297
2020-12-28 00:00:00 UTC,1.005461469212084,1108801924.5256228,438784566.6156987
2020-12-29 00:00:00 UTC,1.0066349209048295,1133629308.0165641,332750768.8284933
2020-12-30 00:00:00 UTC,1.0042583074867097,1139324984.3709025,314970495.54860836
2020-12-31 00:00:00 UTC,1.0049064181646115,1157751638.1308608,366998031.63985324
2021-01-01 00:00:00 UTC,1.002622144545058,1168798536.5406322,368689973.3091369
2021-01-02 00:00:00 UTC,1.0040354371821332,1206386946.2493763,368235238.9591604
2021-01-03 00:00:00 UTC,1.0054927795904547,1184381402.4462416,1423775892.3178012
2021-01-04 00:00:00 UTC,1.0078514660385827,1237248731.1389573,571028401.8497564
2021-01-05 00:00:00 UTC,1.0020048008766926,1313564234.1199017,1156187152.5566783
2021-01-06 00:00:00 UTC,1.0004939926263716,1320464127.7618506,604680471.2745398
2021-01-07 00:00:00 UTC,1.006037889924336,1313903813.9073925,588501686.6520921
2021-01-08 00:00:00 UTC,1.0003571291060944,1363763940.3273082,611863916.0555652
2021-01-09 00:00:00 UTC,0.9985693990005069,1391136962.125567,794211932.4213883
2021-01-10 00:00:00 UTC,1.0059519191725321,1414793449.8798046,537904335.5338576
2021-01-11 00:00:00 UTC,1.0003661873307832,1430017174.2164283,583387102.6355655
2021-01-12 00:00:00 UTC,1.0098647311777296,1373642115.9899511,1119945670.1801875
2021-01-13 00:00:00 UTC,1.0031953167712255,1368345716.8125982,553820513.0583762
2021-01-14 00:00:00 UTC,1.0014216856123277,1368857291.7400699,545721560.5440193
2021-01-15 00:00:00 UTC,1.0015808980671275,1408197771.977925,561155345.5453038
2021-01-16 00:00:00 UTC,0.999467979946023,1291623496.700608,876272407.329837
2021-01-17 00:00:00 UTC,1.0015318340521224,1369636167.329546,436555165.8286457
2021-01-18 00:00:00 UTC,0.9993096241494219,1383583488.1917531,346256204.22469515
2021-01-19 00:00:00 UTC,1.0010221768847356,1404435449.1387813,334911943.49176264
2021-01-20 00:00:00 UTC,0.9991523889555117,1403869964.0200882,567118648.41068
2021-01-21 00:00:00 UTC,0.9981625182514933,1408636838.9684446,473513377.0049807
2021-01-22 00:00:00 UTC,1.0022666032388816,1412074525.330066,590708040.2603244
2021-01-23 00:00:00 UTC,1.0011624188735806,1443167176.2106109,801774588.7167021
2021-01-24 00:00:00 UTC,0.9988292166974803,1462161633.9612231,691989368.151456
2021-01-25 00:00:00 UTC,1.0009249310054797,1532763463.0959406,405277105.15348387
2021-01-26 00:00:00 UTC,1.0017888532991208,1575230489.2568867,467743066.93724394
2021-01-27 00:00:00 UTC,1.0019752646928592,1594043515.9627213,417228890.8291601
2021-01-28 00:00:00 UTC,1.0004462115981287,1605464379.911655,419504402.04523927
2021-01-29 00:00:00 UTC,0.9964754595689563,1617008898.2331533,319573467.2840334
2021-01-30 00:00:00 UTC,0.9942495335395489,1626810492.7628188,515920291.15353346
2021-01-31 00:00:00 UTC,0.9958471590114928,1647927265.5241134,277109006.20481694
2021-02-01 00:00:00 UTC,1.0000578242719622,1645893458.439279,279659764.8999132
2021-02-02 00:00:00 UTC,0.9989091635515915,1655223135.5355713,361448100.10528857
2021-02-03 00:00:00 UTC,1.0005790141528208,1706483386.8692706,454109690.88556844
2021-02-04 00:00:00 UTC,0.9993403293208912,1735622926.5283597,391877097.46620005
2021-02-05 00:00:00 UTC,1.0012920528640448,1769120896.8329096,474864431.2064652
2021-02-06 00:00:00 UTC,1.0016552239757441,1818259930.3576982,351357108.4675279
2021-02-07 00:00:00 UTC,0.9987523828816095,1826607594.8766415,356842601.6331395
2021-02-08 00:00:00 UTC,1.0005951938410333,1801487094.480973,444769802.1327062
2021-02-09 00:00:00 UTC,0.9998196331299475,1891195984.4854016,857173197.2632875
2021-02-10 00:00:00 UTC,0.9972843322502015,1951419253.1589255,471591138.1260342
2021-02-11 00:00:00 UTC,1.000307730375204,1965541573.2571678,487680574.7753736
2021-02-12 00:00:00 UTC,1.0000389713030946,2030169942.482363,428421562.57361025
2021-02-13 00:00:00 UTC,0.9980508215801027,2047789093.00044,330918774.1229095
2021-02-14 00:00:00 UTC,0.9996568476349053,2070809897.8159218,326652029.62724125
2021-02-15 00:00:00 UTC,0.9982979444712259,2069338903.3222923,362780325.81338227
2021-02-16 00:00:00 UTC,1.0021019076810813,2118562315.6913154,535430452.3389962
2021-02-17 00:00:00 UTC,1.0011762900865895,2196279671.673397,615197028.6857957
2021-02-18 00:00:00 UTC,1.0011138973444151,2254469387.3938646,388061692.5541562
2021-02-19 00:00:00 UTC,1.001308711148974,2300764014.3928356,369292046.2922296
2021-02-20 00:00:00 UTC,1.004720609265502,2323494929.390367,363702598.96396595
2021-02-21 00:00:00 UTC,1.0023220980558034,2357690695.9594536,499891032.5706351
2021-02-22 00:00:00 UTC,1.004223339670956,2384083961.8497944,316414866.87283206
2021-02-23 00:00:00 UTC,1.0036834716295608,2368499489.7857904,1032768971.7811092
2021-02-24 00:00:00 UTC,1.006739179084721,2303952211.1474156,1736980683.0396624
2021-02-25 00:00:00 UTC,1.0099808512487822,2324728000.0570025,806272880.9120052
2021-02-26 00:00:00 UTC,0.9979514132910403,2334553910.180523,550926814.7099694
2021-02-27 00:00:00 UTC,1.0075734425025025,2314997564.804288,693470106.8219714
2021-02-28 00:00:00 UTC,1.0062846733459656,2322934279.657661,378421862.3811398
2021-03-01 00:00:00 UTC,1.0053147428805165,2355458416.677756,902006873.970454
2021-03-02 00:00:00 UTC,1.0053454734157345,2462539958.9036746,581999710.0358675
2021-03-03 00:00:00 UTC,1.0066134843288255,2526670519.521475,624533667.9614421
2021-03-04 00:00:00 UTC,1.0005853574048091,2529513594.224999,398983787.0417838
2021-03-05 00:00:00 UTC,1.0064005306004735,2560638679.8028045,510340270.6263401
2021-03-06 00:00:00 UTC,1.0012997284498584,2550377194.422577,464517758.9961551
2021-03-07 00:00:00 UTC,1.0026342740403176,2582625204.3606725,335830904.14275056
2021-03-08 00:00:00 UTC,0.9993405480304064,2551483989.798403,507523180.97120875
2021-03-09 00:00:00 UTC,1.0024911494234106,2571575541.3510776,348116606.1100056
2021-03-10 00:00:00 UTC,1.004099232553697,2634061160.4266415,565988186.0203468
2021-03-11 00:00:00 UTC,0.999343354479765,2626611377.0025797,304877855.12217915
2021-03-12 00:00:00 UTC,1.0045933240832146,2664592770.1892943,396031827.3118326
2021-03-13 00:00:00 UTC,1.0048035865939449,2717830654.9679265,361167057.8746692
2021-03-14 00:00:00 UTC,1.0048836437321043,2746532427.275141,341872887.86144555
2021-03-15 00:00:00 UTC,1.0051468775896268,2760920084.2575665,234027719.37406176
2021-03-16 00:00:00 UTC,1.0034317864560238,2777224738.7077665,392721921.6070073
2021-03-17 00:00:00 UTC,1.000862318540306,2806863351.5459185,322379696.5931684
2021-03-18 00:00:00 UTC,1.0038748451364177,2855121285.846071,378717045.96437144
2021-03-19 00:00:00 UTC,1.0042110637927846,2873992089.481971,195327289.37266332
2021-03-20 00:00:00 UTC,1.0016621490483915,2871152682.2494726,214799476.9384844
2021-03-21 00:00:00 UTC,1.0042365943125962,2872010682.937947,174410524.17735565
2021-03-22 00:00:00 UTC,1.002997067470264,2893058264.840494,226241243.78565857
2021-03-23 00:00:00 UTC,1.0042962382409681,2920382549.910402,312161958.1620691
2021-03-24 00:00:00 UTC,0.9993577336737923,2916556409.5412683,272528719.9684556
2021-03-25 00:00:00 UTC,1.0022448302907383,2915360929.25262,336498431.6756636
2021-03-26 00:00:00 UTC,1.000036668140071,2922014257.53415,306734304.3414877
2021-03-27 00:00:00 UTC,1.0012433792103048,2959347420.7035613,230529907.97745654
2021-03-28 00:00:00 UTC,1.0023854052224843,2976048951.5623884,189542870.72373214
2021-03-29 00:00:00 UTC,1.0025302603219066,2993764421.6913834,281741481.6330176
2021-03-30 00:00:00 UTC,0.9992548137931501,2987650644.8287573,294050074.245981
2021-03-31 00:00:00 UTC,1.0003131322861334,3014474385.598162,224782734.41118443
2021-04-01 00:00:00 UTC,0.9991210334910725,3011705401.798063,289032329.55692637
2021-04-02 00:00:00 UTC,1.0010588984950495,2962556909.510822,335827806.7831883
2021-04-03 00:00:00 UTC,1.002375166938154,3034608560.982798,636013073.663917
2021-04-04 00:00:00 UTC,0.9996167552466287,3060622618.296052,450964472.5599053
2021-04-05 00:00:00 UTC,1.0017188378224426,3063684863.858365,360007616.23940235
2021-04-06 00:00:00 UTC,1.000991947975955,3050018661.010645,538056298.4895753
2021-04-07 00:00:00 UTC,0.9999775647084324,3063203543.93243,360542848.5579311
2021-04-08 00:00:00 UTC,1.0022688115930867,3053418874.345742,344210919.80674064
2021-04-09 00:00:00 UTC,1.0005794021635164,3042130828.5121064,277568444.87765175
2021-04-10 00:00:00 UTC,0.9987083403900777,3046156927.333914,222837453.30524898
2021-04-11 00:00:00 UTC,1.0008325322073104,3113531052.3369594,333398125.9044206
2021-04-12 00:00:00 UTC,1.0021057455316658,3144341189.9261017,194684505.04642615
2021-04-13 00:00:00 UTC,1.0009711103891852,3129418363.18023,255831903.6284397
2021-04-14 00:00:00 UTC,1.0008061079969761,3168233746.461829,1191227135.2929192
2021-04-15 00:00:00 UTC,1.0018563549004895,3147936581.1832685,547192331.3267295
2021-04-16 00:00:00 UTC,1.0015255004589672,3197460209.24621,378647826.13311183
2021-04-17 00:00:00 UTC,0.9967573280677848,3322633590.7048426,485778231.78385794
2021-04-18 00:00:00 UTC,1.0009246249433024,3438662610.4774556,398522188.0715208
2021-04-19 00:00:00 UTC,0.9988939219839905,3438712732.449825,779594099.0518056
2021-04-20 00:00:00 UTC,0.9988389494549975,3426128926.7263904,882111170.84514
2021-04-21 00:00:00 UTC,1.003224228714982,3441227995.251975,560407401.571772
2021-04-22 00:00:00 UTC,0.9942635412683647,3434759751.830676,643811662.7616366
2021-04-23 00:00:00 UTC,1.0018662060543624,3453534580.178342,769214362.226306
2021-04-24 00:00:00 UTC,1.0007454686061332,3431371781.825072,1150118402.172085
2021-04-25 00:00:00 UTC,0.9993876428109758,3444318493.603753,506080883.49743354
2021-04-26 00:00:00 UTC,1.0021931127132089,3466755750.243453,430664663.19592005
2021-04-27 00:00:00 UTC,1.0012077494918736,3484884716.6275187,506067171.2488963
2021-04-28 00:00:00 UTC,0.9994078916507345,3551580225.0071015,378037412.87803155
2021-04-29 00:00:00 UTC,1.0011032807063602,3570467055.9929876,451046733.4538471
2021-04-30 00:00:00 UTC,1.001844965814265,3669075252.2897086,523304116.7772701
2021-05-01 00:00:00 UTC,0.9993940135237139,3657625959.971208,283581314.943428
2021-05-02 00:00:00 UTC,1.0007295288393154,3730505347.695495,356249693.8987312
2021-05-03 00:00:00 UTC,1.0022314615589032,3781646319.246838,269630460.65941733
2021-05-04 00:00:00 UTC,1.003411144876653,3894578565.889449,727933629.7400115
2021-05-05 00:00:00 UTC,0.999913561482226,3966445919.596665,956790114.6712999
2021-05-06 00:00:00 UTC,1.000592470160721,4094761049.2929587,858416744.4224237
2021-05-07 00:00:00 UTC,1.0001652149702203,4290581873.7054787,756397897.9661115
2021-05-08 00:00:00 UTC,1.0015784344270153,4370206603.868354,658184321.318603
2021-05-09 00:00:00 UTC,1.0002986864815337,4408086615.273289,585853961.0145316
2021-05-10 00:00:00 UTC,1.0009533840497908,4499430226.30469,637668911.3217263
2021-05-11 00:00:00 UTC,1.003393856992381,4595900937.341585,882320350.9793005
2021-05-12 00:00:00 UTC,1.0015159546173915,4591918689.760883,629670926.5091147
2021-05-13 00:00:00 UTC,1.0001779047369304,4639035871.100745,946833051.1204312
2021-05-14 00:00:00 UTC,0.993430583962833,4505297648.155468,1747567610.8112788
2021-05-15 00:00:00 UTC,1.000439219690736,4597620286.449364,1296694209.0732543
2021-05-16 00:00:00 UTC,0.999392741958673,4620179232.772255,680255463.1945843
2021-05-17 00:00:00 UTC,1.000701411426832,4686832890.273312,1346359003.1681201
2021-05-18 00:00:00 UTC,1.0033825109037504,4729591696.024199,1238713442.7358146
2021-05-19 00:00:00 UTC,0.9927713451875818,4788633354.740325,604971255.7547326
2021-05-20 00:00:00 UTC,0.994898130440491,4376926441.554342,3404128801.7180734
2021-05-21 00:00:00 UTC,1.00741478556139,4251440222.394668,1686887984.097216
2021-05-22 00:00:00 UTC,1.0011490413415636,4243099943.3796773,1496623766.1492019
2021-05-23 00:00:00 UTC,1.003969749645611,4234575002.529474,886718149.8534915
2021-05-24 00:00:00 UTC,1.0031487180032903,4050740820.6075115,2612812313.5815916
2021-05-25 00:00:00 UTC,1.0036412043565954,4214647418.360157,1242175633.3338494
2021-05-26 00:00:00 UTC,1.0025558570961106,4267899673.3171625,839416491.2967085
2021-05-27 00:00:00 UTC,0.9986062298706636,4373029465.605895,880008091.4366479
2021-05-28 00:00:00 UTC,1.0011658647196269,4392591424.978427,704302533.5839988
2021-05-29 00:00:00 UTC,1.00598887190934,4436860849.206099,754755225.3791285
2021-05-30 00:00:00 UTC,0.9993362350018302,4495174823.405457,637751620.9557517
2021-05-31 00:00:00 UTC,1.0014220199161075,4433116486.119908,576763028.8098216
2021-06-01 00:00:00 UTC,0.9998979973231279,4440488145.289086,521563999.11460984
2021-06-02 00:00:00 UTC,1.0031662576447062,4415086387.132368,560108336.9444284
2021-06-03 00:00:00 UTC,1.0004027009359435,4418979016.121122,501404450.8406186
2021-06-04 00:00:00 UTC,1.0013213356452075,4500086693.046823,500590711.59467447
2021-06-05 00:00:00 UTC,1.000761543218393,4546525577.361327,666373103.0911368
2021-06-06 00:00:00 UTC,1.000898443762948,4556323041.059765,455314025.3044303
2021-06-07 00:00:00 UTC,1.002972123761827,4583005061.065988,290376255.8535251
2021-06-08 00:00:00 UTC,1.002400165455777,4654351280.833081,512905612.86789
2021-06-09 00:00:00 UTC,1.0026188798586702,4658695715.7197695,761946219.59453
2021-06-10 00:00:00 UTC,1.002161380858692,4878864603.371342,1089033104.3416867
2021-06-11 00:00:00 UTC,1.0042943166729057,4880508755.621661,562261664.451513
2021-06-12 00:00:00 UTC,1.0002803900022574,4994166239.422551,445305996.9201817
2021-06-13 00:00:00 UTC,1.0035133240221714,4977173325.7074795,443381748.19217086
2021-06-14 00:00:00 UTC,1.0006030217920123,4994736662.232169,363779327.176294
2021-06-15 00:00:00 UTC,1.0016684240298768,5026214219.551476,495608779.56636125
2021-06-16 00:00:00 UTC,1.0046413555483122,5126674470.212219,531112192.0669189
2021-06-17 00:00:00 UTC,0.9996162409712571,5103813206.904901,426977360.5945708
2021-06-18 00:00:00 UTC,1.0058595564490693,4988287530.941123,442336923.6448308
2021-06-19 00:00:00 UTC,1.0024385222628385,5021340302.312529,735440656.329189
2021-06-20 00:00:00 UTC,1.0049252672089553,5035611924.716657,345422029.29745317
2021-06-21 00:00:00 UTC,1.0022807739532102,4977973655.001879,441289306.2607733
2021-06-22 00:00:00 UTC,1.0016193879774289,4846303261.8645115,1557299830.9817915
2021-06-23 00:00:00 UTC,1.003171212536093,4837537937.510912,938319008.631549
2021-06-24 00:00:00 UTC,1.0033779337688025,4903482771.376966,453847023.1143099
2021-06-25 00:00:00 UTC,1.0020527248402848,4926705724.274804,284852321.0248558
2021-06-26 00:00:00 UTC,0.9962402214562979,4889650672.3515835,360624215.2003221
2021-06-27 00:00:00 UTC,1.0054295522100758,4921970207.584548,417872029.1991944
2021-06-28 00:00:00 UTC,1.0070963844473666,4949183242.870895,367526818.7429496
2021-06-29 00:00:00 UTC,1.0027054581350685,4956971357.661382,461843972.91323113
2021-06-30 00:00:00 UTC,0.9999982831408668,4960778697.887193,1564746633.529747
2021-07-01 00:00:00 UTC,1.003006139983627,5133348167.334219,897610395.9058805
2021-07-02 00:00:00 UTC,1.002889419295067,5172827579.772884,524746392.8063354
2021-07-03 00:00:00 UTC,1.0070080142295534,5187937685.759582,394126715.4125551
2021-07-04 00:00:00 UTC,1.0029758055840645,5186793414.774383,335181701.9860347
2021-07-05 00:00:00 UTC,0.9983856226484282,5194203910.528686,272531098.33596015
2021-07-06 00:00:00 UTC,1.0058927129432902,5237592993.586198,688524671.3844006
2021-07-07 00:00:00 UTC,1.0033927657269517,5244019819.285394,396669124.38441217
2021-07-08 00:00:00 UTC,1.0014840565409526,5245352389.254642,307168393.1368061
2021-07-09 00:00:00 UTC,1.002550212930394,5244490231.357873,350391435.0574683
2021-07-10 00:00:00 UTC,1.0044440706519309,5280511884.716804,291248593.91187966
2021-07-11 00:00:00 UTC,1.0048921527617742,5252773085.620732,397590208.24298334
2021-07-12 00:00:00 UTC,1.002161037588735,5292043801.502807,258964483.82664368
2021-07-13 00:00:00 UTC,1.0039149673485013,5268703048.612711,435290863.96549124
2021-07-14 00:00:00 UTC,1.0046958127538188,5236051378.183458,389555988.25149703
2021-07-15 00:00:00 UTC,1.003954128564165,5255190576.938519,365739180.0601176
2021-07-16 00:00:00 UTC,1.0049483634369614,5252267709.785724,707564611.521887
2021-07-17 00:00:00 UTC,0.9989146510603851,5247059208.477676,442507037.22818434
2021-07-18 00:00:00 UTC,1.002639857633584,5260831397.411197,221732818.09109277
2021-07-19 00:00:00 UTC,1.0023649637048733,5293158020.542592,217387905.13750792
2021-07-20 00:00:00 UTC,1.0034705947408926,5228696177.125404,322959829.25250447
2021-07-21 00:00:00 UTC,1.0015337105233022,5215277329.928177,467418774.88207453
2021-07-22 00:00:00 UTC,1.0042804741867124,5246019482.368279,391381889.2032639
2021-07-23 00:00:00 UTC,1.0027909073219077,5256955435.987858,379888113.67047423
2021-07-24 00:00:00 UTC,1.006511034323498,5273803014.650695,255699098.71363327
2021-07-25 00:00:00 UTC,1.002119845802212,5289285270.060658,453581649.0430777
2021-07-26 00:00:00 UTC,1.0026926399029952,5296633444.691209,240829840.2518753
2021-07-27 00:00:00 UTC,0.9991545324305424,5307442591.72492,670119154.5024085
2021-07-28 00:00:00 UTC,1.004618268011928,5341667853.527498,458181558.37979305
2021-07-29 00:00:00 UTC,0.999771084327663,5367203898.437504,1473420206.13415
2021-07-30 00:00:00 UTC,1.0061938638288939,5379942744.704049,1621421855.8619354
2021-07-31 00:00:00 UTC,1.0042654642743452,5391646532.785349,473753894.73654455
2021-08-01 00:00:00 UTC,1.0019013034154627,5394112979.477195,458950784.66937506
2021-08-02 00:00:00 UTC,1.0018274618702423,5409630448.010125,364153802.0689604
2021-08-03 00:00:00 UTC,1.0023774527909706,5434599923.623467,371054125.964485
2021-08-04 00:00:00 UTC,1.0061247717700572,5448817221.724582,728639986.0055149
2021-08-05 00:00:00 UTC,0.9951163678341826,5414461051.251522,481278660.61429995
2021-08-06 00:00:00 UTC,1.0005619347269292,5461101360.256642,587265146.8467362
2021-08-07 00:00:00 UTC,1.000162643419569,5461811006.114804,745816260.6537714
2021-08-08 00:00:00 UTC,0.9997775390224847,5498000381.509425,563635852.796071
2021-08-09 00:00:00 UTC,1.0035513408294279,5555842673.404709,530268109.89674234
2021-08-10 00:00:00 UTC,1.0039851306150078,5532087204.778514,617566370.8112344
2021-08-11 00:00:00 UTC,1.0005944112289862,5575469232.886274,490134606.71729696
2021-08-12 00:00:00 UTC,0.9992560664771382,5600687714.198834,382087063.7106523
2021-08-13 00:00:00 UTC,1.0002962766151302,5632021893.496665,438675682.341994
2021-08-14 00:00:00 UTC,1.0008181803940128,5676819812.27699,382605425.78661555
2021-08-15 00:00:00 UTC,0.9999896358873319,5688684861.833112,371446678.21801054
2021-08-16 00:00:00 UTC,1.0009861552701949,5741630077.462691,339192642.85545975
2021-08-17 00:00:00 UTC,1.0011266997363013,5736557951.468029,465082360.7641541
2021-08-18 00:00:00 UTC,1.0018261540264928,5722002698.714766,494050228.043001
2021-08-19 00:00:00 UTC,1.0035431923037392,5735960695.646297,523968901.7026378
2021-08-20 00:00:00 UTC,1.0095651280656601,5742013247.515541,452138852.19074285
2021-08-21 00:00:00 UTC,0.9996840115770586,5751803888.059757,422985327.10327595
2021-08-22 00:00:00 UTC,1.0013598373484023,5771563780.195883,343788314.72624224
2021-08-23 00:00:00 UTC,1.006328312097554,5800139320.866009,278847912.3258454
2021-08-24 00:00:00 UTC,1.0003716810288603,5787999784.279485,497932598.10838854
2021-08-25 00:00:00 UTC,1.0023486507031305,5787349455.237025,479422445.42455995
2021-08-26 00:00:00 UTC,0.9998546558272893,5773271142.486977,328719601.6576112
2021-08-27 00:00:00 UTC,0.9997920881113154,5778564255.469102,356973436.6665112
2021-08-28 00:00:00 UTC,1.0026754524906403,5825544830.64492,298518033.512892
2021-08-29 00:00:00 UTC,1.0001565505105157,5822652586.226855,225626464.18732655
2021-08-30 00:00:00 UTC,0.9999394286827352,5850913957.498377,256478648.71205568
2021-08-31 00:00:00 UTC,0.9978302041172648,5842080102.324045,330373789.00590384
2021-09-01 00:00:00 UTC,1.0039901190052827,5860043255.772914,518511065.70506805
2021-09-02 00:00:00 UTC,1.0001590591453435,5873154201.048539,550987100.2380863
2021-09-03 00:00:00 UTC,0.9998512299280247,6060471957.997763,677481159.2172122
2021-09-04 00:00:00 UTC,0.9988984888212377,6100944794.125707,442033471.5478375
2021-09-05 00:00:00 UTC,0.9983312878540617,6112981421.64311,319776466.48118454
2021-09-06 00:00:00 UTC,0.9996451826430324,6147447306.270694,267117101.38642335
2021-09-07 00:00:00 UTC,1.0005074642277734,6187976964.392255,430745860.9041144
2021-09-08 00:00:00 UTC,1.001609915957946,6216941541.424585,838996756.2595354
2021-09-09 00:00:00 UTC,1.0039735308924298,6231557363.12452,563711069.2320229
2021-09-10 00:00:00 UTC,1.0044956980761734,6232966612.398466,344437002.4634828
2021-09-11 00:00:00 UTC,0.9977592698242409,6155063054.239255,366916403.96114033
2021-09-12 00:00:00 UTC,1.002597310206897,6283492128.473663,261504318.25156373
2021-09-13 00:00:00 UTC,1.0108952367520805,6305049657.645242,271128076.5663027
2021-09-14 00:00:00 UTC,1.0041056425803125,6305138406.225914,401222112.21910286
2021-09-15 00:00:00 UTC,1.0016710614137545,6286029153.085633,259081823.0632177
2021-09-16 00:00:00 UTC,1.0017966377022707,6286593816.749322,268647847.9158292
2021-09-17 00:00:00 UTC,1.0021173796387681,6311184287.599442,359088348.06465334
2021-09-18 00:00:00 UTC,1.0043694820643114,6337331910.871474,339676895.7668476
2021-09-19 00:00:00 UTC,1.003837955580935,6330278299.355452,257757805.82884723
2021-09-20 00:00:00 UTC,1.0044974871802812,6341811746.289012,274193198.39303696
2021-09-21 00:00:00 UTC,0.9911832334359997,6087222920.223113,875168548.1257999
2021-09-22 00:00:00 UTC,0.9951586201519572,6059754074.397437,649201399.611934
2021-09-23 00:00:00 UTC,1.000687500667685,6025413162.637846,421176270.764055
2021-09-24 00:00:00 UTC,1.0024018246768236,6094469527.767255,296091093.7951882
2021-09-25 00:00:00 UTC,1.0022615256011058,6046166699.943456,531959022.05860126
2021-09-26 00:00:00 UTC,1.0041950852765762,6064950516.089381,345478859.77879447
2021-09-27 00:00:00 UTC,1.0039221478911995,6079024252.33598,363053947.9730057
2021-09-28 00:00:00 UTC,0.9944924039715893,6175531614.405781,633837230.9936976
2021-09-29 00:00:00 UTC,0.9946490953267305,6183354056.392215,460645517.2794509
2021-09-30 00:00:00 UTC,1.003857758375262,6191474518.728473,408706153.7432049
2021-10-01 00:00:00 UTC,1.0057846688609382,6199628073.4703865,658703252.6915635
2021-10-02 00:00:00 UTC,1.002643604448908,6219165305.010698,485073514.50007534
2021-10-03 00:00:00 UTC,0.999447546492788,6219234788.62967,274349855.55161494
2021-10-04 00:00:00 UTC,1.0035773286843233,6272842279.329509,284441879.09701407
2021-10-05 00:00:00 UTC,1.0032586952679776,6290092662.671798,466929749.8185963
2021-10-06 00:00:00 UTC,1.0017626779269964,6313909657.588,476702216.62723035
2021-10-07 00:00:00 UTC,1.0023560797793938,6414373277.835671,614728812.9628133
2021-10-08 00:00:00 UTC,1.0010843509685718,6446972671.484048,397177241.30219495
2021-10-09 00:00:00 UTC,1.0018395314143607,6493206763.062343,382016557.163647
2021-10-10 00:00:00 UTC,1.0029879944841962,6537843670.096713,267447013.78145143
2021-10-11 00:00:00 UTC,1.0012734267098873,6543645497.914551,317846194.363923
2021-10-12 00:00:00 UTC,1.0073081651886058,6554714017.89308,462183444.6993762
2021-10-13 00:00:00 UTC,1.0020147524620744,6607836165.14737,591828425.5342737
2021-10-14 00:00:00 UTC,1.00481832839858,6638638659.356619,1600165906.0605185
2021-10-15 00:00:00 UTC,1.001963755839577,6770612810.2081785,640218034.2157106
2021-10-16 00:00:00 UTC,1.0048906157272426,6991089765.3459215,1283969082.2437367
2021-10-17 00:00:00 UTC,1.0028508267767997,7027588272.915894,523874799.7628664
2021-10-18 00:00:00 UTC,1.0047036120874975,7011447930.456167,458677358.08175015
2021-10-19 00:00:00 UTC,1.0008396847244365,7041692491.742167,531004990.9594848
2021-10-20 00:00:00 UTC,0.9998352797017792,6965713282.240769,431695939.2510959
2021-10-21 00:00:00 UTC,1.000344344719418,7151735466.693331,633249213.2355422
2021-10-22 00:00:00 UTC,1.0008728606601476,7375492355.707506,886900777.3146722
2021-10-23 00:00:00 UTC,1.005648943463435,7391874597.101125,533992834.31286407
2021-10-24 00:00:00 UTC,1.0064532927914562,7387816410.5382805,472244498.6549386
2021-10-25 00:00:00 UTC,1.0050753104771077,7338068312.8506565,465215422.7884298
2021-10-26 00:00:00 UTC,1.004967109971996,7323409804.002054,491415865.548062
2021-10-27 00:00:00 UTC,1.0000258586437472,7339328683.444621,754279978.6818119
2021-10-28 00:00:00 UTC,0.9991250560723848,7610685580.797876,929602467.7836242
2021-10-29 00:00:00 UTC,0.9990111853587044,7629526521.102104,891024384.3506349
2021-10-30 00:00:00 UTC,0.999750351320583,7689082797.052188,862844941.9910625
2021-10-31 00:00:00 UTC,1.00400477700595,7793719922.2535925,610446979.0009559
2021-11-01 00:00:00 UTC,1.0000181937077748,7793187615.3600025,564655100.2932829
2021-11-02 00:00:00 UTC,1.0016144925483819,7820062202.429572,607569087.1131351
2021-11-03 00:00:00 UTC,1.0026641355292252,7823829840.763419,626273325.9599401
2021-11-04 00:00:00 UTC,1.0008365287475294,7840534375.920299,680519218.724864
2021-11-05 00:00:00 UTC,1.0046473171927044,7807209872.462472,624138290.4001025
2021-11-06 00:00:00 UTC,1.0034590647089807,8156496508.548544,833083248.8826699
2021-11-07 00:00:00 UTC,1.0032716119624403,8143534836.062356,516762242.8085378
2021-11-08 00:00:00 UTC,0.9990482208224771,8124723408.766701,697364786.749855
2021-11-09 00:00:00 UTC,1.0009555678702178,8392735005.625569,568656698.6372421
2021-11-10 00:00:00 UTC,1.0011499772523627,8632800903.069304,497597612.9385158
2021-11-11 00:00:00 UTC,1.0044213662836692,8581317425.492299,837914723.6755103
2021-11-12 00:00:00 UTC,1.0011671074263095,8555343741.295274,553302810.7715651
2021-11-13 00:00:00 UTC,1.0076412807183253,8585602578.750746,710793760.4899497
2021-11-14 00:00:00 UTC,1.0031728200177052,8532605900.60082,231905826.25040776
2021-11-15 00:00:00 UTC,1.0083551412462424,8493965627.149022,435435110.9772126
2021-11-16 00:00:00 UTC,1.0031440842988035,8489573144.344085,538484129.8034059
2021-11-17 00:00:00 UTC,1.002397544398201,8487969868.409673,1164833969.2550807
2021-11-18 00:00:00 UTC,1.0076808696516855,8491301227.584624,839576221.2631027
2021-11-19 00:00:00 UTC,0.9993381522388782,8523835052.423451,997289126.420156
2021-11-20 00:00:00 UTC,1.006266999854717,8634278625.784584,523160834.3775243
2021-11-21 00:00:00 UTC,1.0066940349166575,8675599842.513226,592283114.1889337
2021-11-22 00:00:00 UTC,1.004509532449662,8700649963.125906,595046978.3563291
2021-11-23 00:00:00 UTC,0.9998445390092198,8633559607.922604,859618323.98423
2021-11-24 00:00:00 UTC,1.0009342580306821,8727121904.750807,669598376.9377229
2021-11-25 00:00:00 UTC,1.0022449718047552,8741336710.959555,639424073.5065672
2021-11-26 00:00:00 UTC,0.9979605899493754,8789657926.96122,535943824.4138718
2021-11-27 00:00:00 UTC,1.0001721286924639,8664662320.394674,875381966.2365559
2021-11-28 00:00:00 UTC,0.9987986677496729,8672228094.648458,294871117.55259067
2021-11-29 00:00:00 UTC,1.001637828844,8718189472.513136,674760162.5418689
2021-11-30 00:00:00 UTC,0.9986096774223755,8746282291.467188,437950704.9926662
2021-12-01 00:00:00 UTC,0.9980027717628793,8837878911.136414,731552736.6595726
2021-12-02 00:00:00 UTC,1.001319489566333,8900977776.947298,683824599.1039866
2021-12-03 00:00:00 UTC,0.9975399468525554,8895692505.190979,599784254.3168705
2021-12-04 00:00:00 UTC,0.999703768225611,8918506251.604252,831598092.8892841
2021-12-05 00:00:00 UTC,0.9995927005396948,8920116847.97038,1614390769.9449751
2021-12-06 00:00:00 UTC,1.0004759565933234,8997943463.315271,778559256.6408949
2021-12-07 00:00:00 UTC,1.0010238609330975,8929086140.709875,995880606.7890716
2021-12-08 00:00:00 UTC,1.0029613747099249,8950982366.501915,516106814.57050335
2021-12-09 00:00:00 UTC,1.0013557667104835,8963985217.559908,619370215.1086591
2021-12-10 00:00:00 UTC,0.9980080078395094,8940055730.150797,707083704.6653329
2021-12-11 00:00:00 UTC,0.995229215210866,8864707830.563774,886960935.3428838
2021-12-12 00:00:00 UTC,0.9995493085498041,8921006868.685022,643634920.749587
2021-12-13 00:00:00 UTC,0.9989776215711985,8916776226.239698,385799708.9004325
2021-12-14 00:00:00 UTC,0.9988379283201336,8860039126.748209,673074209.9905018
2021-12-15 00:00:00 UTC,1.0026442741189496,8815157626.403595,784590559.7690232
2021-12-16 00:00:00 UTC,0.9996574333908048,8864564743.460775,728736776.0659342
2021-12-17 00:00:00 UTC,0.9998809497607476,8878141571.608974,582086857.0611023
2021-12-18 00:00:00 UTC,1.0003129418584091,8916391855.573874,638347024.555932
2021-12-19 00:00:00 UTC,1.0009100207431971,8941451882.74047,613085923.0721295
2021-12-20 00:00:00 UTC,0.9979977086654648,8917952302.701767,422746067.24873406
2021-12-21 00:00:00 UTC,1.003861220909781,9010659458.388714,572848768.4154702
2021-12-22 00:00:00 UTC,1.0018709312693344,8985537934.94569,430220925.692834
2021-12-23 00:00:00 UTC,1.0015749457778251,9012299616.933115,408712443.2224564
2021-12-24 00:00:00 UTC,1.0041943297134128,9004077003.566544,442921342.030425
2021-12-25 00:00:00 UTC,1.0015419559032193,9007732009.27097,393512227.1967492
2021-12-26 00:00:00 UTC,0.9993268245752794,9026946021.357542,240785112.73315442
2021-12-27 00:00:00 UTC,1.0006233704525382,9056479533.64209,474926733.365829
2021-12-28 00:00:00 UTC,0.9986690072839253,9035134798.988127,314954720.01687205
2021-12-29 00:00:00 UTC,0.9999219382883053,9011245517.00109,492190904.4906121
2021-12-30 00:00:00 UTC,1.0031091448476723,8928300275.785686,272808400.1023228
2021-12-31 00:00:00 UTC,1.0034488588790764,8940196525.388313,402236454.7900836
2022-01-01 00:00:00 UTC,0.9993700114165129,8945308696.334341,382277946.5970597
2022-01-02 00:00:00 UTC,1.0045838468235089,8989422829.44309,283067376.369641
2022-01-03 00:00:00 UTC,1.0017286585567955,9019830070.647741,231864361.52366132
2022-01-04 00:00:00 UTC,1.0021535526031484,9061763816.028059,332880730.2339638
2022-01-05 00:00:00 UTC,0.9999623798404518,9094380378.413437,324032949.62128586
2022-01-06 00:00:00 UTC,1.0027253963092082,9057614528.501461,429799946.9389812
2022-01-07 00:00:00 UTC,0.9999307221827529,8981217752.036564,371795457.2910542
2022-01-08 00:00:00 UTC,1.0034421580701711,9009918263.50526,545004424.5264306
2022-01-09 00:00:00 UTC,0.997978795870184,8986118213.730894,436937521.3996673
2022-01-10 00:00:00 UTC,1.0028566734926256,8930389431.539938,231432309.68459174
2022-01-11 00:00:00 UTC,1.0010705134157518,9010550582.037708,654226925.0300388
2022-01-12 00:00:00 UTC,0.9996134356989091,9023033118.339418,471567065.9041328
2022-01-13 00:00:00 UTC,1.0014295910848638,9081693565.44568,314171017.36212605
2022-01-14 00:00:00 UTC,1.000619253669565,9137354808.619326,377959933.9541265
2022-01-15 00:00:00 UTC,0.9991799307470215,9125697059.926533,312031725.1563414
2022-01-16 00:00:00 UTC,0.9994190944268592,9170351303.033463,257495076.18219826
2022-01-17 00:00:00 UTC,1.000170753157861,9256014687.245543,350474254.67783755
2022-01-18 00:00:00 UTC,1.001408012863779,9334794092.945248,560659195.4661943
2022-01-19 00:00:00 UTC,0.9998180801308754,9331745107.036764,443982969.6757598
2022-01-20 00:00:00 UTC,0.9974955522850862,9390488156.18237,382819898.1137217
2022-01-21 00:00:00 UTC,1.0016078493098184,9402774437.67138,483629884.44791013
2022-01-22 00:00:00 UTC,1.00243671837902,9166564461.315586,791094216.6762856
2022-01-23 00:00:00 UTC,1.0046806253194134,9115890348.019718,1060611193.8951805
2022-01-24 00:00:00 UTC,1.0030098942012216,9146456179.47705,339302917.68826175
2022-01-25 00:00:00 UTC,1.0038969490966019,9293941652.29575,566524253.0912637
2022-01-26 00:00:00 UTC,1.0018360098062413,9245225217.414097,284532263.28347296
2022-01-27 00:00:00 UTC,1.0014064500340505,9359921919.233898,412673482.98800355
2022-01-28 00:00:00 UTC,1.0040239380437146,9167298521.961124,272976683.52549744
2022-01-29 00:00:00 UTC,1.001409594738056,9078096308.392351,799762333.4927924
2022-01-30 00:00:00 UTC,1.0020260173991438,9135717348.819452,294773808.96173054
2022-01-31 00:00:00 UTC,1.0003150218753998,9137932289.798069,171096000.5008174
2022-02-01 00:00:00 UTC,1.001315411182868,9156440883.041082,376884107.8787197
2022-02-02 00:00:00 UTC,1.0017185469115077,9194270271.505367,359648288.9647186
2022-02-03 00:00:00 UTC,1.0012885372692035,9170666263.55306,239088189.53737614
2022-02-04 00:00:00 UTC,1.0008360790795865,9203253256.554386,245114769.3867462
2022-02-05 00:00:00 UTC,1.004345692132139,9228979411.116488,365167063.08714294
2022-02-06 00:00:00 UTC,0.9998959242109398,9322792990.81186,317629518.23764366
2022-02-07 00:00:00 UTC,1.0007135240714418,9360562441.205805,160745008.46990526
2022-02-08 00:00:00 UTC,1.0003575999830183,9471465595.104536,266686616.87589487
2022-02-09 00:00:00 UTC,1.00205784551053,9667216567.844503,401414050.6785783
2022-02-10 00:00:00 UTC,1.0012159231765712,9749936627.437286,308245566.30527097
2022-02-11 00:00:00 UTC,1.0024054293151854,9795528747.645828,627633889.4142979
2022-02-12 00:00:00 UTC,0.9999906346310168,9837232184.0971,388439838.1892328
2022-02-13 00:00:00 UTC,1.001920195152649,9819806817.194378,227542792.3040184
2022-02-14 00:00:00 UTC,1.0007838521803583,9828935789.021574,132325908.40927196
2022-02-15 00:00:00 UTC,1.000029320716091,9810525653.050306,204153514.5818372
2022-02-16 00:00:00 UTC,0.999228715314787,9951881495.354721,288191369.6553749
2022-02-17 00:00:00 UTC,1.0000141883696165,9886213898.63166,246173900.79938582
2022-02-18 00:00:00 UTC,0.9991588009031412,9781207526.6763,317007660.3011695
2022-02-19 00:00:00 UTC,1.0005105546720603,9763416967.691343,306347375.63798654
2022-02-20 00:00:00 UTC,1.0029368646929762,9788916600.687445,226888959.1263194
2022-02-21 00:00:00 UTC,1.000443322085936,9759400435.342644,332917763.0436341
2022-02-22 00:00:00 UTC,1.0006714860335433,9707633715.484594,371071054.3851546
2022-02-23 00:00:00 UTC,0.999324677722244,9713767548.548105,315864007.3559429
2022-02-24 00:00:00 UTC,1.0004650006455702,9652416597.154007,274383805.8582167
2022-02-25 00:00:00 UTC,1.0011209580109752,9386007627.800058,1466094544.3158486
2022-02-26 00:00:00 UTC,1.000309886794853,9204072014.533714,299760146.2322602
2022-02-27 00:00:00 UTC,1.0023674793486645,9230718584.375132,193880900.86547545
2022-02-28 00:00:00 UTC,1.0015626116524727,9245129542.288818,277292042.5194795
2022-03-01 00:00:00 UTC,1.0007604525030454,9240846999.87374,270176589.219008
2022-03-02 00:00:00 UTC,1.0005158142164936,9268815900.440786,279233755.32111377
2022-03-03 00:00:00 UTC,0.9998868153292486,9187456230.604183,314435474.7969376
2022-03-04 00:00:00 UTC,0.9988709688121202,9206698696.222178,232696731.98720106
2022-03-05 00:00:00 UTC,0.9998674881081218,9298628581.067211,426773825.0143381
2022-03-06 00:00:00 UTC,1.0015383613648672,9284513191.842138,171099562.5188318
2022-03-07 00:00:00 UTC,1.0006551097325835,9402892151.007206,202327907.0230037
2022-03-08 00:00:00 UTC,1.0000864645636312,9433634870.826065,266750376.864163
2022-03-09 00:00:00 UTC,0.9997318603183419,9334460386.466324,359157373.2159944
2022-03-10 00:00:00 UTC,1.0001374832748497,9373881818.093866,296525236.3133464
2022-03-11 00:00:00 UTC,1.000097097341164,9369086407.729988,268297130.2076988
2022-03-12 00:00:00 UTC,0.9982997975254381,9398111116.977268,245880046.86061934
2022-03-13 00:00:00 UTC,0.9998180789633656,9413440797.059248,130665140.8123037
2022-03-14 00:00:00 UTC,1.001403776834966,9409151263.690659,177011399.44343448
2022-03-15 00:00:00 UTC,0.9996745385228691,9382848887.362986,229892768.17896253
2022-03-16 00:00:00 UTC,0.9983274585394073,9353951901.652327,215622046.76198983
2022-03-17 00:00:00 UTC,1.000737422592711,9383100791.914383,327521332.3472954
2022-03-18 00:00:00 UTC,1.000449708088905,9406338555.336609,199946866.40146324
2022-03-19 00:00:00 UTC,1.0001117773110881,9461621867.919333,245626434.25180015
2022-03-20 00:00:00 UTC,0.9995768311757415,9472781175.515291,156162341.25348052
2022-03-21 00:00:00 UTC,0.9993197920621565,9534911277.324196,137676715.8203189
2022-03-22 00:00:00 UTC,0.9991889962824667,9530425394.932436,196450572.5341839
2022-03-23 00:00:00 UTC,0.9988920598180073,9498141885.316845,251685313.37755904
2022-03-24 00:00:00 UTC,0.9992236831228998,9452120844.97304,223472194.8245761
2022-03-25 00:00:00 UTC,0.9992663665530306,9294100933.830025,311600745.94387686
2022-03-26 00:00:00 UTC,0.9992566058590711,9268770917.466661,348995220.35095376
2022-03-27 00:00:00 UTC,0.9988892556855304,9239010996.176352,137242871.13398808
2022-03-28 00:00:00 UTC,0.9986630631407394,9230632117.71746,198059992.58571663
2022-03-29 00:00:00 UTC,0.9978640331735794,9208106655.7954,374516470.179163
2022-03-30 00:00:00 UTC,0.9994220068225662,9189969454.387028,312348663.58362824
2022-03-31 00:00:00 UTC,0.9987823763975773,9225282190.798136,272062216.57616603
2022-04-01 00:00:00 UTC,1.003035845075611,9191746163.139093,365975460.5785143
2022-04-02 00:00:00 UTC,0.9996696949774012,9209258512.40578,402044760.98247087
2022-04-03 00:00:00 UTC,0.9990661335026733,9101860570.790924,339400849.86993694
2022-04-04 00:00:00 UTC,1.0004442400445983,9076756445.60079,262834591.5637643
2022-04-05 00:00:00 UTC,0.9995387654655392,9082336345.475601,309249285.15845674
2022-04-06 00:00:00 UTC,1.000256720023005,9051936139.578035,297662767.4275315
2022-04-07 00:00:00 UTC,0.9997407001445338,8979891571.77977,576593451.2451744
2022-04-08 00:00:00 UTC,0.9991226565625156,8969539322.898697,331100086.39658755
2022-04-09 00:00:00 UTC,1.0019410056772844,9039566072.802181,347265001.1357746
2022-04-10 00:00:00 UTC,1.0010450772391932,9025592102.40579,205964588.8923069
2022-04-11 00:00:00 UTC,1.0000263027267986,9039197448.591507,181784229.57418466
2022-04-12 00:00:00 UTC,1.0003542307305846,8810968202.33621,554551987.0672919
2022-04-13 00:00:00 UTC,1.0023692729164861,8765593297.379503,410578283.2168352
2022-04-14 00:00:00 UTC,1.0015096865954858,8733041613.337833,350798643.3561859
2022-04-15 00:00:00 UTC,1.0011970160106796,8808394401.808018,314387872.454387
2022-04-16 00:00:00 UTC,1.0002635635802857,8791379409.684448,191549275.8579275
2022-04-17 00:00:00 UTC,1.0007564164938707,8786525084.07397,121645575.20977639
2022-04-18 00:00:00 UTC,1.0012847252274137,8759156979.85,221852200.45155874
2022-04-19 00:00:00 UTC,1.0011206045523169,8725686561.570564,329225177.8706441
2022-04-20 00:00:00 UTC,0.9995438428397716,8698346733.617002,231767010.3169606
2022-04-21 00:00:00 UTC,0.9997526442427824,8723783876.825075,346517405.68301994
2022-04-22 00:00:00 UTC,1.0001656753683754,8704557538.904547,376579314.9483668
2022-04-23 00:00:00 UTC,1.0002577023888397,8701913872.456705,323925959.297543
2022-04-24 00:00:00 UTC,1.0009004330017182,8708868167.841171,200778986.67721182
2022-04-25 00:00:00 UTC,0.9986335753027005,8716363161.976582,208094679.26948178
2022-04-26 00:00:00 UTC,0.9998434411411964,8665353292.683756,341238425.6467037
2022-04-27 00:00:00 UTC,1.0003337167963666,8644835269.527075,281376984.1341315
2022-04-28 00:00:00 UTC,1.000080013356203,8599444690.69996,254219561.87990776
2022-04-29 00:00:00 UTC,1.000355933115001,8572125679.531025,235708757.66911763
2022-04-30 00:00:00 UTC,1.0007153264022721,8511787090.629729,281337140.84972817
2022-05-01 00:00:00 UTC,1.001137525389296,8459041180.072433,300229790.98402095
2022-05-02 00:00:00 UTC,1.0015201383152945,8430918903.19535,206920528.78030768
2022-05-03 00:00:00 UTC,1.0004170915146626,8338995265.983792,299436195.85571027
2022-05-04 00:00:00 UTC,1.0012211545703311,8289733382.762127,240102463.81054604
2022-05-05 00:00:00 UTC,1.0000782701095614,8197809048.574296,308098273.36314917
2022-05-06 00:00:00 UTC,1.000992097323179,8214309359.329994,369826021.8770639
2022-05-07 00:00:00 UTC,1.0007515059156074,8159344682.345591,389875496.26869035
2022-05-08 00:00:00 UTC,1.000893261710343,7975913290.994533,269037897.0031021
2022-05-09 00:00:00 UTC,1.0027126956794017,7556916646.294014,455046381.5880383
2022-05-10 00:00:00 UTC,1.0000105246322175,7163337395.755332,1064977001.2869622
2022-05-11 00:00:00 UTC,1.001602635651879,6982432940.332602,783351341.3005755
2022-05-12 00:00:00 UTC,0.9985742686936693,6244161627.250708,2061332295.428
2022-05-13 00:00:00 UTC,1.0002396205393904,6022116128.384541,3574400296.2513022
2022-05-14 00:00:00 UTC,1.002410127025412,6048537315.118135,832995871.3998325
2022-05-15 00:00:00 UTC,1.0044716838207495,5993796493.766186,371050187.7005528
2022-05-16 00:00:00 UTC,0.999694226974965,6059873201.246219,642471120.1708857
2022-05-17 00:00:00 UTC,1.0017176228919482,6041005389.971379,398161865.77262574
2022-05-18 00:00:00 UTC,1.001897707802241,6127621651.3396435,366986500.04441994
2022-05-19 00:00:00 UTC,1.0019979808743606,6103178303.410309,370002595.52706164
2022-05-20 00:00:00 UTC,1.0026073796993658,6222452401.277114,389465279.7153203
2022-05-21 00:00:00 UTC,1.0024418517993878,6149261400.114877,719566310.8878702
2022-05-22 00:00:00 UTC,1.0020882626688514,6134514242.823885,357191563.6491913
2022-05-23 00:00:00 UTC,1.0010163866448412,6143630111.502481,240224111.48494503
2022-05-24 00:00:00 UTC,1.0015928513393704,6181093850.123692,328166500.0322325
2022-05-25 00:00:00 UTC,1.0006728089229213,6176060614.473469,348153137.42033076
2022-05-26 00:00:00 UTC,1.000725823151647,6169014882.325718,312338946.5436276
2022-05-27 00:00:00 UTC,1.0021962020922532,6200513220.974564,557833381.358901
2022-05-28 00:00:00 UTC,1.0011540837981934,6213252679.362467,509764765.51980436
2022-05-29 00:00:00 UTC,1.0025267983837698,6237445818.376835,178520704.27846268
2022-05-30 00:00:00 UTC,1.0012775160707852,6249705822.805631,112330713.5217529
2022-05-31 00:00:00 UTC,1.0001655890466485,6295433631.778099,331189960.50912416
2022-06-01 00:00:00 UTC,1.0002929321948908,6357389265.535546,253105905.11091825
2022-06-02 00:00:00 UTC,0.9996251101055208,6396053503.737441,269345525.01867455
2022-06-03 00:00:00 UTC,0.9994667093662342,6415983702.079551,255107262.93922135
2022-06-04 00:00:00 UTC,1.0015190355219845,6436040669.786613,235878653.2384032
2022-06-05 00:00:00 UTC,1.0024426054852977,6422259211.600888,209260980.54828396
2022-06-06 00:00:00 UTC,1.000555444937036,6444141807.122649,210369818.95016208
2022-06-07 00:00:00 UTC,1.0003583313896065,6454042628.407157,219285551.56638432
2022-06-08 00:00:00 UTC,1.0014525786540291,6508688167.160088,400524766.6341464
2022-06-09 00:00:00 UTC,1.000186996207394,6571258809.556066,240247551.75815427
2022-06-10 00:00:00 UTC,1.00086586045663,6588833726.623302,159281138.95868605
2022-06-11 00:00:00 UTC,1.0019628239263076,6663861529.477015,298375636.3811823
2022-06-12 00:00:00 UTC,1.0008120553564617,6626187463.96565,376666070.7667682
2022-06-13 00:00:00 UTC,0.9999869692891007,6636701318.26483,370870881.949242
2022-06-14 00:00:00 UTC,1.0042486130397104,6468040569.9691925,1421540152.93087
2022-06-15 00:00:00 UTC,1.001579831791629,6353299607.653823,870347222.728809
2022-06-16 00:00:00 UTC,1.0029351797668826,6275341065.553251,950720196.9139802
2022-06-17 00:00:00 UTC,1.004018714751274,6237951038.586294,486188658.46137524
2022-06-18 00:00:00 UTC,1.0017506337803586,6379019237.645558,429645677.457833
2022-06-19 00:00:00 UTC,1.0028521387497655,6293219626.026982,761713920.2332811
2022-06-20 00:00:00 UTC,1.0018766659119465,6274315227.712773,603059037.6769321
2022-06-21 00:00:00 UTC,1.0021608169663914,6257051079.8725815,439451156.8601405
2022-06-22 00:00:00 UTC,1.0001560053552092,6321419745.86243,369904404.8043455
2022-06-23 00:00:00 UTC,1.0010090584517246,6343773868.687337,316917330.62920755
2022-06-24 00:00:00 UTC,1.0005779868420652,6326332306.898775,373079508.9789442
2022-06-25 00:00:00 UTC,0.9977732063465566,6320972580.765617,375376323.7774762
2022-06-26 00:00:00 UTC,1.001486219236393,6349804110.605472,247412083.23207828
2022-06-27 00:00:00 UTC,1.0034297089045188,6329480590.506379,218319254.45598587
2022-06-28 00:00:00 UTC,1.0012149087675266,6350814587.388734,271035440.08723545
2022-06-29 00:00:00 UTC,1.0015779252034258,6264858939.054339,375090336.1857153
2022-06-30 00:00:00 UTC,1.0018175564391405,6348433295.858627,318519286.9686533
2022-07-01 00:00:00 UTC,0.9948561329425942,6337228110.9714575,300224996.0442995
2022-07-02 00:00:00 UTC,1.0019210965723595,6409119365.635709,397511038.2330058
2022-07-03 00:00:00 UTC,1.0011377628752853,6416525790.253662,197998735.05453053
2022-07-04 00:00:00 UTC,1.0028078427586717,6449618539.834075,157606867.4869131
2022-07-05 00:00:00 UTC,1.001044216436257,6441584578.819209,217052030.75070864
2022-07-06 00:00:00 UTC,1.0014644991614383,6440974124.699879,272783173.00714445
2022-07-07 00:00:00 UTC,1.0007962884052852,6424611254.915481,217115037.95579123
2022-07-08 00:00:00 UTC,1.0012850862566203,6454026210.915113,229214752.58758652
2022-07-09 00:00:00 UTC,1.002472298269337,6460683705.474634,244579601.32205898
2022-07-10 00:00:00 UTC,1.0023616287429373,6490734178.667359,104930980.68665706
2022-07-11 00:00:00 UTC,1.0008732316481561,6431188823.39653,191517712.11807626
2022-07-12 00:00:00 UTC,1.0002021776748438,6457992760.744648,176686538.8212534
2022-07-13 00:00:00 UTC,1.002604336710554,6406079970.859322,277148849.0654802
2022-07-14 00:00:00 UTC,1.000430558928979,6466268568.653303,245479771.0203083
2022-07-15 00:00:00 UTC,1.0001343819325073,6488583334.119852,253076323.76249737
2022-07-16 00:00:00 UTC,0.9981095307405751,6523578856.875007,266990197.90332913
2022-07-17 00:00:00 UTC,1.0002308077022024,6583932109.355838,250472068.5089092
2022-07-18 00:00:00 UTC,0.9999312883493198,6724319313.189421,181993557.81203705
2022-07-19 00:00:00 UTC,1.0014093852417603,6767866864.456973,369781524.35471433
2022-07-20 00:00:00 UTC,1.000379596670838,6816426092.264321,364691418.21866006
2022-07-21 00:00:00 UTC,0.9986774547357583,6827727932.097112,330000417.2281142
2022-07-22 00:00:00 UTC,1.000597446289056,6817905703.347082,282707382.2117046
2022-07-23 00:00:00 UTC,1.00092578896376,6862712123.365154,364816134.89630866
2022-07-24 00:00:00 UTC,1.0015594204136558,6919868930.486304,227508881.1795392
2022-07-25 00:00:00 UTC,0.9985727337271066,6924672430.8072,307971206.1285397
2022-07-26 00:00:00 UTC,1.0040717713971261,6892138853.564144,640034412.8162444
2022-07-27 00:00:00 UTC,1.0007600913768675,6894365422.091473,1173959144.0350943
2022-07-28 00:00:00 UTC,0.9994655530346268,6932200899.233349,1299267101.97961
2022-07-29 00:00:00 UTC,1.0007401720705835,6976211855.460982,822834425.5391396
2022-07-30 00:00:00 UTC,0.9987329195819226,7043482674.734738,718901111.6336813
2022-07-31 00:00:00 UTC,1.0004449356698912,7009773996.451847,436313827.43305653
2022-08-01 00:00:00 UTC,1.0027699790453224,6964240255.801548,1211284142.7601016
2022-08-02 00:00:00 UTC,1.000154706821944,6980302379.148383,847888384.2959098
2022-08-03 00:00:00 UTC,1.000063565834536,6935048525.377054,893589273.1599263
2022-08-04 00:00:00 UTC,1.0013872616355697,6965517677.955977,435417952.15416664
2022-08-05 00:00:00 UTC,0.9992209355269623,6993814297.904592,663775583.8303864
2022-08-06 00:00:00 UTC,1.0002762273022576,7039135882.392851,636517079.8435221
2022-08-07 00:00:00 UTC,1.000362052348691,7087635255.657636,570914203.9151436
2022-08-08 00:00:00 UTC,0.9995365843691091,7013333003.895435,374745265.3011616
2022-08-09 00:00:00 UTC,1.0014947218871475,7043284723.007899,2933281982.1419115
2022-08-10 00:00:00 UTC,1.0021924647366895,7071592079.822819,1160734029.7247913
2022-08-11 00:00:00 UTC,1.0005378095287984,7120285015.792328,714148626.8124707
2022-08-12 00:00:00 UTC,1.001991079804503,7013288439.575526,895447607.9411025
2022-08-13 00:00:00 UTC,1.0014564620351638,6832771443.849348,665919725.9561698
2022-08-14 00:00:00 UTC,1.0008939203185236,6849710015.133652,420308793.47731644
2022-08-15 00:00:00 UTC,0.9994683194095976,6808221055.405242,377768656.1850817
2022-08-16 00:00:00 UTC,1.0006930594616283,6807379867.4816265,649450568.6233299
2022-08-17 00:00:00 UTC,1.0013880444955277,6782955216.005806,533743309.6508642
2022-08-18 00:00:00 UTC,1.0008289553307996,6744270702.85227,590038902.4768232
2022-08-19 00:00:00 UTC,1.0004900082010502,6694780381.878958,344154968.54870415
2022-08-20 00:00:00 UTC,1.0034291065469583,6645833511.227429,833082303.005872
2022-08-21 00:00:00 UTC,1.0002363320928385,6588384445.778111,527662392.6473351
2022-08-22 00:00:00 UTC,1.0018108851654046,6560317107.810103,433701442.8142354
2022-08-23 00:00:00 UTC,1.0023081582334314,6524060795.041134,507051560.7335012
2022-08-24 00:00:00 UTC,1.0015156720292966,6510895998.1577835,505747290.6163832
2022-08-25 00:00:00 UTC,1.0001173067268547,6508909619.845585,439427957.43201244
2022-08-26 00:00:00 UTC,1.000907032626816,6520191764.967374,306823657.9900219
2022-08-27 00:00:00 UTC,1.0038866357671417,6515219305.039717,557142444.0336441
2022-08-28 00:00:00 UTC,1.000428761945929,6472766441.506087,455338997.33496106
2022-08-29 00:00:00 UTC,1.0023079779120514,6481050394.153813,328443575.33735836
2022-08-30 00:00:00 UTC,1.0020088265141651,6485501830.203708,678898066.8568832
2022-08-31 00:00:00 UTC,0.9987521116571094,6486569054.532596,586573193.1218035
2022-09-01 00:00:00 UTC,0.9989916046834708,6520075249.980125,505183831.02372396
2022-09-02 00:00:00 UTC,1.0008813133780023,6544152749.866828,322449593.532388
2022-09-03 00:00:00 UTC,1.000096898797042,6539478283.247226,453090772.0438217
2022-09-04 00:00:00 UTC,1.0015141655251192,6543717081.5031595,225084202.43713167
2022-09-05 00:00:00 UTC,1.000900798341067,6454069158.029315,503515137.7439458
2022-09-06 00:00:00 UTC,0.9978941007007628,6416300060.981123,522288692.52111465
2022-09-07 00:00:00 UTC,1.0002452029114992,6403911107.1511755,600995890.0049431
2022-09-08 00:00:00 UTC,0.9996021526793619,6402771513.839875,524708244.96550053
2022-09-09 00:00:00 UTC,1.0003843928420812,6413576839.361229,405066365.76048344
2022-09-10 00:00:00 UTC,0.9992042548172413,6410221308.339469,489817901.95306295
2022-09-11 00:00:00 UTC,1.0012590552954885,6429399450.7915745,352506874.97630775
2022-09-12 00:00:00 UTC,0.9975556719743567,6441598729.232193,340466803.61276436
2022-09-13 00:00:00 UTC,0.9994909212924611,6428041217.703154,483559622.75908893
2022-09-14 00:00:00 UTC,1.0001487990037408,6399571184.316857,836529565.9724939
2022-09-15 00:00:00 UTC,0.9992894854738782,6377611087.849794,713818611.7276506
2022-09-16 00:00:00 UTC,0.9991669623963284,6369751522.757643,700855074.9037206
2022-09-17 00:00:00 UTC,1.000152770225175,6387004250.356769,438833899.2895698
2022-09-18 00:00:00 UTC,1.00047590715316,6381746601.345399,189858839.10994527
2022-09-19 00:00:00 UTC,1.0011956575070695,6427077691.154831,364494375.99276197
2022-09-20 00:00:00 UTC,1.0000756572595555,6376366449.986161,506292254.80889755
2022-09-21 00:00:00 UTC,0.9991616804631012,6420337161.486496,374765742.2674377
2022-09-22 00:00:00 UTC,0.9990106942379863,6419113422.749488,496296660.2960858
2022-09-23 00:00:00 UTC,1.000386590634085,6465112071.268733,399572900.1417279
2022-09-24 00:00:00 UTC,1.0001356962240227,6523289542.419114,311259924.2452709
2022-09-25 00:00:00 UTC,1.0001034136756415,6488604410.466139,252150774.8907198
2022-09-26 00:00:00 UTC,1.0010941952101822,6483193670.89587,194165603.2812836
2022-09-27 00:00:00 UTC,0.9996051210418908,6458191567.46006,333439172.1207727
2022-09-28 00:00:00 UTC,1.0001532556632602,6450189889.138292,360349453.4784887
2022-09-29 00:00:00 UTC,1.0016700893700083,6407801429.393717,459454162.7446767
2022-09-30 00:00:00 UTC,0.9998251543094167,6425511479.528226,437023347.00938225
2022-10-01 00:00:00 UTC,1.0011909645289525,6411277951.44191,486143848.7480894
2022-10-02 00:00:00 UTC,0.9992761942106942,6403047403.655019,315916901.27205914
2022-10-03 00:00:00 UTC,1.0008288856992391,6358605809.456847,198736923.61082092
2022-10-04 00:00:00 UTC,0.9989187763888727,6326515951.653306,506483619.63101697
2022-10-05 00:00:00 UTC,0.9990908308244358,6347097090.269732,335616373.7435635
2022-10-06 00:00:00 UTC,0.9991418149162976,6335171634.024378,287561512.95478433
2022-10-07 00:00:00 UTC,1.000687494436561,6333400697.598414,424955370.71237105
2022-10-08 00:00:00 UTC,1.0011461485595696,6322521787.137143,389791086.23428214
2022-10-09 00:00:00 UTC,0.9998795640001922,6313107416.268093,164763067.2237834
2022-10-10 00:00:00 UTC,1.0000700144376224,6299012487.344879,179417219.9138626
2022-10-11 00:00:00 UTC,0.9991868874007455,6281375200.762214,242057591.17576754
2022-10-12 00:00:00 UTC,1.000192672477454,6244666421.13317,358727867.2647692
2022-10-13 00:00:00 UTC,0.9998275963438469,6201620668.994049,237872850.08902958
2022-10-14 00:00:00 UTC,1.000315299714236,6044293273.063069,625175345.3879048
2022-10-15 00:00:00 UTC,1.0003618992910204,6022702001.096143,452890959.2681347
2022-10-16 00:00:00 UTC,0.9996568489931356,6016568308.453112,147274195.48418686
2022-10-17 00:00:00 UTC,1.000487722490964,6023547156.355796,176386468.18980923
2022-10-18 00:00:00 UTC,1.0000896570486055,6002588548.489515,330996034.2254612
2022-10-19 00:00:00 UTC,0.9989918666662715,5999901496.072305,242012910.7342993
2022-10-20 00:00:00 UTC,1.000840978117766,5878171754.34202,211314429.67183554
2022-10-21 00:00:00 UTC,0.9993848297255146,5793988576.226452,206588467.49427608
2022-10-22 00:00:00 UTC,0.9993740754736672,5747557959.241491,278180586.7441363
2022-10-23 00:00:00 UTC,1.0000542647357413,5756078401.125866,198955809.06644002
2022-10-24 00:00:00 UTC,1.000789552081964,5786617885.888565,182666715.99274915
2022-10-25 00:00:00 UTC,0.9992661050155806,5782913201.518677,282642462.6494009
2022-10-26 00:00:00 UTC,0.9995734158146243,5784079926.599311,394341682.0781294
2022-10-27 00:00:00 UTC,0.9997266961007469,5785206365.326479,382208595.4156061
2022-10-28 00:00:00 UTC,0.99966106610613,5793646226.168298,354836425.20879614
2022-10-29 00:00:00 UTC,0.9985396817376567,5760207958.613568,406339649.2002153
2022-10-30 00:00:00 UTC,0.9992347879030872,5781087213.657169,319115559.2751113
2022-10-31 00:00:00 UTC,0.9995760181995441,5765229524.212023,240857223.22250107
2022-11-01 00:00:00 UTC,1.0001627410064708,5686262544.810888,365938575.72957575
2022-11-02 00:00:00 UTC,0.9992068890245343,5649679077.528786,231559880.38645488
2022-11-03 00:00:00 UTC,1.0006377783818476,5668710126.51052,324179612.5467516
2022-11-04 00:00:00 UTC,1.0004830154103992,5661003109.10816,256830084.38024795
2022-11-05 00:00:00 UTC,0.9997969944247503,5683081748.131676,356629645.9725106
2022-11-06 00:00:00 UTC,0.9996623467839523,5723876081.808903,220937812.27463976
2022-11-07 00:00:00 UTC,0.9997121942064611,5714530312.912105,252440402.681006
2022-11-08 00:00:00 UTC,1.0010634622848422,5791167098.278834,337066056.596029
2022-11-09 00:00:00 UTC,0.9985836002437705,5754753075.46508,823262698.1246688
2022-11-10 00:00:00 UTC,0.9944614383109089,5480607867.471902,1399646060.5788987
2022-11-11 00:00:00 UTC,1.0024555753639575,5394071413.064599,1628937048.0591476
2022-11-12 00:00:00 UTC,1.0048331924039515,5401441503.313891,683637266.1523212
2022-11-13 00:00:00 UTC,1.0010662207175265,5445897977.634131,476990590.2591338
2022-11-14 00:00:00 UTC,1.0022781747254321,5455851505.364518,416059251.16784406
2022-11-15 00:00:00 UTC,1.002587086237178,5483689567.189063,440472225.8785036
2022-11-16 00:00:00 UTC,1.002190095499641,5455956711.108748,449062502.49655294
2022-11-17 00:00:00 UTC,1.003020021191627,5426392262.894511,396852212.20430964
2022-11-18 00:00:00 UTC,1.0013476745939203,5460697815.012484,307642864.26647836
2022-11-19 00:00:00 UTC,1.001964502353884,5439380351.053896,182277277.52982807
2022-11-20 00:00:00 UTC,1.0014145813161075,5439901650.122571,162529339.4969275
2022-11-21 00:00:00 UTC,1.002590294976314,5427030191.856477,250382046.01806262
2022-11-22 00:00:00 UTC,1.001683231208427,5382562150.606007,376965308.7474617
2022-11-23 00:00:00 UTC,0.9994845296176362,5386910126.543403,320184918.65716004
2022-11-24 00:00:00 UTC,1.0000039185921807,5287712882.114671,288354317.55511206
2022-11-25 00:00:00 UTC,1.0025456040982423,5263753241.356964,407865142.1907708
2022-11-26 00:00:00 UTC,1.0015727920403752,5258368807.635556,191469572.73162347
2022-11-27 00:00:00 UTC,0.9979330077928202,5256047934.172685,120331202.98238443
2022-11-28 00:00:00 UTC,1.0013655293332293,5226475354.415126,153381519.95822686
2022-11-29 00:00:00 UTC,1.0004044378068209,5197125953.794562,208203432.64787683
2022-11-30 00:00:00 UTC,1.0002107340586006,5181231195.783549,277322010.677086
2022-12-01 00:00:00 UTC,1.0000419878777886,5194470418.418543,357369867.6225921
2022-12-02 00:00:00 UTC,1.000747129444593,5213942205.865512,272770269.8857806
2022-12-03 00:00:00 UTC,1.001277693495975,5227679635.991799,243497135.4024003
2022-12-04 00:00:00 UTC,1.0051216738692483,5237144180.660184,177689950.9103069
2022-12-05 00:00:00 UTC,1.0009103367329604,5219068379.416479,206060494.37364557
2022-12-06 00:00:00 UTC,0.9995748947164127,5221553331.80076,203460158.705803
2022-12-07 00:00:00 UTC,0.9996098832414093,5168106058.009834,186150758.25037786
2022-12-08 00:00:00 UTC,1.000237916419811,5166972338.617816,236669710.09042662
2022-12-09 00:00:00 UTC,0.9991011421776794,5173932807.261849,177584974.18742707
2022-12-10 00:00:00 UTC,1.000794583413223,5181215377.850324,121505697.28548883
2022-12-11 00:00:00 UTC,1.0005218111580025,5182331865.91307,106549715.47501971
2022-12-12 00:00:00 UTC,1.0009328294204793,5179853635.55766,157943742.33601823
2022-12-13 00:00:00 UTC,0.9988525808102168,5162166698.229369,192266678.0028019
2022-12-14 00:00:00 UTC,0.9990979294490591,5164764838.460444,353100281.52333707
2022-12-15 00:00:00 UTC,0.9989195567280256,5148061618.237368,215979473.8568054
2022-12-16 00:00:00 UTC,0.9992932232325034,5132684653.271711,167161190.76170748
2022-12-17 00:00:00 UTC,1.0004544764948757,5113379906.928388,245616254.6525517
2022-12-18 00:00:00 UTC,0.9997588693056586,5150459235.381774,126209557.4047081
2022-12-19 00:00:00 UTC,1.000284045293311,5147281068.955815,100086016.99525985
2022-12-20 00:00:00 UTC,0.9992827985592907,5150244449.415105,138270939.74987006
2022-12-21 00:00:00 UTC,1.0002112651747632,5171416339.721291,198979770.58026206
2022-12-22 00:00:00 UTC,0.9989114186431026,5172247999.314163,140377782.4736058
2022-12-23 00:00:00 UTC,1.0006099562452437,5167358582.3495245,166729175.62094364
2022-12-24 00:00:00 UTC,1.0011873323847524,5160984237.839042,142251129.13154727
2022-12-25 00:00:00 UTC,0.9998991864552522,5158630461.4157505,56980951.749493465
2022-12-26 00:00:00 UTC,1.0007105101223683,5148316013.943512,94576941.33015709
2022-12-27 00:00:00 UTC,1.0010244157391917,5142570886.639085,107300732.98345271
2022-12-28 00:00:00 UTC,1.0009601158957835,5127952881.131109,177172053.0773588
2022-12-29 00:00:00 UTC,1.0002184615101444,5083998840.802847,292325584.18603337
2022-12-30 00:00:00 UTC,1.0005813289447725,5077989764.356587,179970375.0125769
2022-12-31 00:00:00 UTC,0.9995474534280332,5061649904.536961,129676774.85418305
2023-01-01 00:00:00 UTC,1.0005488538807263,5059182376.258948,92499834.1452744
2023-01-02 00:00:00 UTC,1.0004274128353567,5053534566.135817,96078149.34939416
2023-01-03 00:00:00 UTC,0.9992141895135767,5054180945.394542,88943721.29521579
2023-01-04 00:00:00 UTC,1.0001666168099084,5061514054.952086,113333078.97084576
2023-01-05 00:00:00 UTC,1.0003995785218176,5039178025.156098,154280661.57745925
2023-01-06 00:00:00 UTC,1.0001331989901692,5018633526.619714,237224618.39446828
2023-01-07 00:00:00 UTC,1.0008846692136497,5003924752.561444,137952547.2351767
2023-01-08 00:00:00 UTC,1.000932359056696,5026588285.570552,87342399.55644108
2023-01-09 00:00:00 UTC,1.0018037389178955,5071166066.626506,138629015.06325185
2023-01-10 00:00:00 UTC,1.0014972849906572,5080123672.438626,225474040.46672988
2023-01-11 00:00:00 UTC,1.000413005605613,5072903242.233972,110736534.34181482
2023-01-12 00:00:00 UTC,1.0011271928426966,5096216160.129149,148223428.87765023
2023-01-13 00:00:00 UTC,0.9989414350288766,5060608312.058351,255411156.09672308
2023-01-14 00:00:00 UTC,1.0007505641332424,5085029489.975249,224135393.6875882
2023-01-15 00:00:00 UTC,1.0002163347228739,5103934693.3655405,252594438.7580103
2023-01-16 00:00:00 UTC,1.0049117663826965,5127048040.729641,177966743.24621347
2023-01-17 00:00:00 UTC,1.0003411040619399,5097681468.330641,193293841.1410052
2023-01-18 00:00:00 UTC,0.9999650278300787,5095339649.664817,217082658.19275278
2023-01-19 00:00:00 UTC,0.999205900215997,5083884975.4455185,267250068.88627648
2023-01-20 00:00:00 UTC,1.0025286173665253,5125592243.642986,162405773.89088213
2023-01-21 00:00:00 UTC,1.0026480780616316,5127459912.495892,197420803.5896145
2023-01-22 00:00:00 UTC,0.9995874352533816,5120980991.36537,221292570.51522705
2023-01-23 00:00:00 UTC,1.0004832138531707,5147492066.856743,171423963.9226517
2023-01-24 00:00:00 UTC,1.0012462962359134,5143627323.870152,224692133.96084926
2023-01-25 00:00:00 UTC,0.9999329270210494,5152886380.766442,165517517.1249615
2023-01-26 00:00:00 UTC,1.0012619317880316,5163040309.549263,234066080.0111046
2023-01-27 00:00:00 UTC,0.9996147071893126,5134183981.285332,195513797.16317686
2023-01-28 00:00:00 UTC,1.0007510003688385,5133671317.828151,176345807.06767467
2023-01-29 00:00:00 UTC,0.9992709149486738,5137362202.597169,124406411.40005104
2023-01-30 00:00:00 UTC,1.0000877321008175,5130380896.230297,146353037.84856474
2023-01-31 00:00:00 UTC,1.0014516827152746,5122606426.970338,215044129.6026049
2023-02-01 00:00:00 UTC,1.000451965962801,5109161471.57924,149539915.6089879
2023-02-02 00:00:00 UTC,1.0006614006859196,5101973679.1824255,193211575.17729118
2023-02-03 00:00:00 UTC,1.0011350541868211,5109466946.069388,211863425.3039379
2023-02-04 00:00:00 UTC,0.9992188691025384,5096042972.247626,204162144.819852
2023-02-05 00:00:00 UTC,1.0009832127165967,5097317857.053933,127985928.54909788
2023-02-06 00:00:00 UTC,1.0004215301671018,5109392126.914633,100092592.92610541
2023-02-07 00:00:00 UTC,0.9998106471451601,5103615013.307354,152238231.7258928
2023-02-08 00:00:00 UTC,1.0000436876346213,5097079565.030699,159441961.5877556
2023-02-09 00:00:00 UTC,0.99987226237696,5095450779.524079,204844119.399557
2023-02-10 00:00:00 UTC,0.9996586470979181,5088554010.123939,228764452.27563155
2023-02-11 00:00:00 UTC,0.9998121580236469,5083165081.94407,174266426.79633492
2023-02-12 00:00:00 UTC,1.0010107929845433,5082150977.603698,87665097.7977777
2023-02-13 00:00:00 UTC,1.000284188159451,5082229152.710353,96502400.5055051
2023-02-14 00:00:00 UTC,0.9998516851562659,5095521056.86932,402072440.9833262
2023-02-15 00:00:00 UTC,1.0005024658045112,5085072047.406599,251774316.37743783
2023-02-16 00:00:00 UTC,0.9997190031360896,5084995376.774896,208148921.38838917
2023-02-17 00:00:00 UTC,1.000873642826106,5095449512.87052,254005200.63132513
2023-02-18 00:00:00 UTC,1.0004972078014278,5071282250.20385,245425007.99086484
2023-02-19 00:00:00 UTC,1.0003063752920067,5078316497.087873,103441260.83442648
2023-02-20 00:00:00 UTC,0.9991341217001625,5084661871.380695,126393717.76956159
2023-02-21 00:00:00 UTC,0.9995914208823136,5089116492.851362,190617989.70643994
2023-02-22 00:00:00 UTC,1.0000360286936911,5093658015.755139,193806145.73157763
2023-02-23 00:00:00 UTC,0.9993368560852732,5039643400.372231,198459569.79680154
2023-02-24 00:00:00 UTC,0.999831568220329,5020909826.619393,226328813.4973463
2023-02-25 00:00:00 UTC,0.9998982026159094,5023882392.043943,184463329.7918256
2023-02-26 00:00:00 UTC,1.0000070880774585,5019674658.137968,117274089.62974606
2023-02-27 00:00:00 UTC,1.0000677634375057,5028039548.472254,93312017.57149221
2023-02-28 00:00:00 UTC,1.0001901617096158,5032432216.911831,169881132.67167854
2023-03-01 00:00:00 UTC,0.999791958681638,5017907725.677016,144155343.59698907
2023-03-02 00:00:00 UTC,0.9993201088236541,5016601138.107328,185668998.479939
2023-03-03 00:00:00 UTC,0.9998007708219202,5021941085.997096,194029806.14474505
2023-03-04 00:00:00 UTC,1.0003116888734085,5010968792.088499,193400024.1901136
2023-03-05 00:00:00 UTC,1.001485997766055,5018834653.800374,65411667.28414674
2023-03-06 00:00:00 UTC,0.9997280123436035,5007709583.484921,95259991.93485822
2023-03-07 00:00:00 UTC,1.0000210511445762,5003756392.585405,138929921.74313676
2023-03-08 00:00:00 UTC,1.0011762055389115,4985935475.353023,139802024.70940572
2023-03-09 00:00:00 UTC,1.0003040934583851,4986807201.747846,133564760.90544812
2023-03-10 00:00:00 UTC,1.0006276991663112,4936691124.537587,244548253.27799657
2023-03-11 00:00:00 UTC,0.9956432278381557,5046331057.567698,623279625.2530289
2023-03-12 00:00:00 UTC,0.9669900978923442,5212488434.060728,2767282625.5799856
2023-03-13 00:00:00 UTC,0.9945637914458113,6179406750.067883,1037451935.5781001
2023-03-14 00:00:00 UTC,0.9997856833074509,6283489277.828109,1067512463.6311852
2023-03-15 00:00:00 UTC,0.9993917730483363,6042482925.739707,574386973.983923
2023-03-16 00:00:00 UTC,1.0007761399690551,5802326559.545536,493892444.0913277
2023-03-17 00:00:00 UTC,1.0018982670251473,5581644679.185295,376921171.9058942
2023-03-18 00:00:00 UTC,1.0008826438256822,5467030542.139184,356817472.98727006
2023-03-19 00:00:00 UTC,1.0007615982337619,5426366211.535508,198187998.57837212
2023-03-20 00:00:00 UTC,0.999965515531813,5409461423.533969,172265457.27042323
2023-03-21 00:00:00 UTC,1.0030619443260422,5406350489.36094,222095760.9818226
2023-03-22 00:00:00 UTC,1.0011258431686036,5392983013.057679,203717035.00913352
2023-03-23 00:00:00 UTC,1.003220275705566,5305539271.23972,343225017.1182863
2023-03-24 00:00:00 UTC,1.0004334309044027,5289572842.936131,190778015.48929548
2023-03-25 00:00:00 UTC,0.9974577555567519,5260062110.834927,204008209.95661807
2023-03-26 00:00:00 UTC,1.0040257319789716,5262222843.41102,91567018.55132492
2023-03-27 00:00:00 UTC,0.9992828587663842,5236767894.39251,103685334.34186694
2023-03-28 00:00:00 UTC,0.9958269839249279,5149849673.310374,168023610.00544098
2023-03-29 00:00:00 UTC,1.0003847768641971,5120501463.033649,162424257.39529127
2023-03-30 00:00:00 UTC,1.000275203155446,5106318035.985299,145897968.35563326
2023-03-31 00:00:00 UTC,1.0005479859482593,5102116169.083202,138343422.61635813
2023-04-01 00:00:00 UTC,0.9996348063593945,5098592325.802062,142848667.074546
2023-04-02 00:00:00 UTC,0.9998222113291412,5096243348.783532,99930651.89187992
2023-04-03 00:00:00 UTC,1.0009894972992348,5109840309.848026,76190682.33324559
2023-04-04 00:00:00 UTC,0.9985400029434314,5094215871.584316,148622707.5301579
2023-04-05 00:00:00 UTC,1.001024045760601,5094270377.910208,142547564.76041982
2023-04-06 00:00:00 UTC,0.9995856067711418,5084455110.336371,127534911.93301007
2023-04-07 00:00:00 UTC,1.000644439694947,5087000341.968799,106790312.35748816
2023-04-08 00:00:00 UTC,1.0005469959687145,5084873226.851613,107756703.37369418
2023-04-09 00:00:00 UTC,1.0000630922294396,5080035072.909299,120058335.0336532
2023-04-10 00:00:00 UTC,1.0001806445551882,5073440651.88235,70223215.72842865
2023-04-11 00:00:00 UTC,0.9997794769138085,5054325072.168113,127723551.22867844
2023-04-12 00:00:00 UTC,1.0000847671275426,5053596380.742892,175634114.36359814
2023-04-13 00:00:00 UTC,0.9990845984669044,5018420263.750973,174203160.05158788
2023-04-14 00:00:00 UTC,1.0010589239015524,5013548156.49621,179030872.63893846
2023-04-15 00:00:00 UTC,1.0002676676372106,5009975037.643424,129461938.73997194
2023-04-16 00:00:00 UTC,1.0004426261011716,5029214942.877233,66831304.02236366
2023-04-17 00:00:00 UTC,1.0003624266323854,5016431371.892697,75605523.1980892
2023-04-18 00:00:00 UTC,0.999658999982045,4879701596.770426,122939269.9237211
2023-04-19 00:00:00 UTC,0.9994720345715409,4861094976.674592,120724917.89620031
2023-04-20 00:00:00 UTC,1.0002753110056057,4869649944.951924,169654990.0681761
2023-04-21 00:00:00 UTC,1.0002821331358627,4852307580.42224,125081240.99462432
2023-04-22 00:00:00 UTC,1.000425002173312,4807164331.233608,213920993.70091733
2023-04-23 00:00:00 UTC,1.0003087382936982,4783057736.559454,106100266.23740053
2023-04-24 00:00:00 UTC,1.0002172928184625,4778924491.423791,65673684.47504501
2023-04-25 00:00:00 UTC,0.9994046281334161,4787037430.086886,139546767.4028883
2023-04-26 00:00:00 UTC,1.000836467678585,4792226644.1021385,136889411.53589368
2023-04-27 00:00:00 UTC,0.9998687021463649,4792868560.382992,286650737.1228613
2023-04-28 00:00:00 UTC,1.0000934453219321,4779061279.852468,183105549.02006587
2023-04-29 00:00:00 UTC,0.9999017539668312,4727473496.649012,131104969.18607982
2023-04-30 00:00:00 UTC,0.9999585320223355,4734472383.889999,89301664.00640324
2023-05-01 00:00:00 UTC,0.9996732437742706,4732134325.978997,73234741.62860554
2023-05-02 00:00:00 UTC,1.0001970357194852,4729022559.499971,120365314.1153557
2023-05-03 00:00:00 UTC,1.0003624800393836,4699548912.123859,107871804.24427769
2023-05-04 00:00:00 UTC,0.999674128761996,4687113695.320455,151311608.2965975
2023-05-05 00:00:00 UTC,0.9997812423092952,4680874210.203048,117934338.41582218
2023-05-06 00:00:00 UTC,0.9997906510712267,4674968035.976385,118502006.05080597
2023-05-07 00:00:00 UTC,0.9993031207244207,4680583171.627061,199380586.34893796
2023-05-08 00:00:00 UTC,1.000178100714731,4687469373.252364,67132467.59972313
2023-05-09 00:00:00 UTC,1.0000776201476773,4690302206.547859,156004084.63500628
2023-05-10 00:00:00 UTC,0.9997401972473043,4688946137.74075,111612199.28580819
2023-05-11 00:00:00 UTC,0.9993121960952044,4685470437.210703,208197244.39773783
2023-05-12 00:00:00 UTC,0.9993307932096538,4682486935.634575,165629249.90419126
2023-05-13 00:00:00 UTC,1.0006812164096022,4675720275.270219,156904839.75125295
2023-05-14 00:00:00 UTC,0.9986621226752425,4670836554.098863,85301155.99519263
2023-05-15 00:00:00 UTC,0.9993257098345277,4661756052.0481615,53925052.87223879
2023-05-16 00:00:00 UTC,1.0003838226383515,4662105404.718001,93480814.03683817
2023-05-17 00:00:00 UTC,1.0005156313696482,4668387492.057902,69519548.91853446
2023-05-18 00:00:00 UTC,0.9998560370977622,4668478986.489334,94978847.93444416
2023-05-19 00:00:00 UTC,0.9997300366152881,4669260272.495809,97745488.92405911
2023-05-20 00:00:00 UTC,0.9997402779159406,4666078559.615554,62127582.40079357
2023-05-21 00:00:00 UTC,0.9979135698210995,4644390779.113852,60789822.5370487
2023-05-22 00:00:00 UTC,0.9995943369425387,4657210525.995622,64547450.529709116
2023-05-23 00:00:00 UTC,0.9997264806485089,4653975572.60795,120521134.24919239
2023-05-24 00:00:00 UTC,0.999801875798358,4639744911.613057,112749113.10579407
2023-05-25 00:00:00 UTC,1.000103330596372,4631455527.523865,120136789.43700083
2023-05-26 00:00:00 UTC,0.9998167230992469,4621967632.816659,93225212.517458
2023-05-27 00:00:00 UTC,1.000002229918692,4618881567.962993,107895898.6902969
2023-05-28 00:00:00 UTC,0.9997902087034157,4620286950.68924,66247892.33915128
2023-05-29 00:00:00 UTC,1.0006288598706201,4630583747.518835,85815638.83001268
2023-05-30 00:00:00 UTC,0.9992586920242604,4626706934.28929,81489326.72610843
2023-05-31 00:00:00 UTC,1.0001427644607066,4629508626.299577,78364680.7482078
2023-06-01 00:00:00 UTC,1.000711994599332,4625252657.582541,93055369.3504705
2023-06-02 00:00:00 UTC,1.0006051921002888,4604043387.066495,88039246.1242178
2023-06-03 00:00:00 UTC,0.9999409892000835,4591699210.186966,141943651.42527506
2023-06-04 00:00:00 UTC,0.9996329372073308,4587812888.093836,46453088.478039265
2023-06-05 00:00:00 UTC,1.0007610635344635,4592310102.269276,46991867.67333539
2023-06-06 00:00:00 UTC,1.0002823846053424,4586119255.278015,169391205.64815894
2023-06-07 00:00:00 UTC,0.9995574299898846,4570957337.176082,139997002.8879049
2023-06-08 00:00:00 UTC,1.0005748937804517,4569906860.68949,144169751.7764476
2023-06-09 00:00:00 UTC,1.0002589170504554,4555961915.692416,77610435.85996762
2023-06-10 00:00:00 UTC,0.9999334772380502,4544220123.11453,94145982.29080728
2023-06-11 00:00:00 UTC,0.9999490675565472,4543985291.059217,221439652.6196266
2023-06-12 00:00:00 UTC,1.0002887199904735,4540214831.546267,75723571.10353608
2023-06-13 00:00:00 UTC,1.0000787109502611,4520053574.227104,114698263.84894723
2023-06-14 00:00:00 UTC,1.0001453814152281,4494102104.657678,149487738.03647536
2023-06-15 00:00:00 UTC,0.9986770490256822,4481783721.73292,193671860.25727448
2023-06-16 00:00:00 UTC,0.9998549274688016,4389400521.071832,523306864.0027907
2023-06-17 00:00:00 UTC,1.0000958732914789,4399373532.01965,262805832.17638254
2023-06-18 00:00:00 UTC,0.9990306498846088,4412436959.591237,96843553.07425207
2023-06-19 00:00:00 UTC,0.9995485591814166,4421336277.388045,63759780.92699735
2023-06-20 00:00:00 UTC,0.9999762334422952,4416870035.456171,114272416.10640284
2023-06-21 00:00:00 UTC,0.9988695982704239,4440765391.824959,157944929.5271246
2023-06-22 00:00:00 UTC,0.9997297507597747,4423226944.639564,294612473.49365014
2023-06-23 00:00:00 UTC,1.0001284080358257,4448631026.298523,153229798.19926333
2023-06-24 00:00:00 UTC,1.0005504460803312,4449594646.705634,165580799.1803064
2023-06-25 00:00:00 UTC,1.0000544042881077,4456749369.213509,87858970.27391621
2023-06-26 00:00:00 UTC,0.9994622597792909,4446954856.704055,115534737.10229413
2023-06-27 00:00:00 UTC,1.0002213864926415,4423186353.251859,150426064.4792996
2023-06-28 00:00:00 UTC,1.0007154785179684,4415251502.8839855,154627689.11106658
2023-06-29 00:00:00 UTC,0.9994527023135301,4396845460.155262,148509561.3399487
2023-06-30 00:00:00 UTC,0.9997935456179109,4379634011.905412,115342377.38410485
2023-07-01 00:00:00 UTC,0.9991457209576122,4338721119.140122,188376925.5001044
2023-07-02 00:00:00 UTC,0.9997563683245759,4341143669.231764,96698420.7546434
2023-07-03 00:00:00 UTC,1.000021222928187,4335895858.980679,87708185.18679541
2023-07-04 00:00:00 UTC,0.9993589092086326,4329729424.628469,174462914.20335782
2023-07-05 00:00:00 UTC,0.9994391027999059,4335011505.828539,119145783.53626977
2023-07-06 00:00:00 UTC,1.0005490828238155,4320111231.548224,97769985.61449525
2023-07-07 00:00:00 UTC,0.9995726861476378,4316838376.600042,110032380.54269446
2023-07-08 00:00:00 UTC,0.9997250758753771,4309640163.03102,62477677.192977615
2023-07-09 00:00:00 UTC,1.000174868271794,4300238724.493748,75425464.16504155
2023-07-10 00:00:00 UTC,1.0008165277886591,4298299903.26742,59102407.54207863
2023-07-11 00:00:00 UTC,0.9995345854544552,4283220104.8357244,83304933.47632723
2023-07-12 00:00:00 UTC,0.9997423457956276,4291667265.424784,86859114.72309552
2023-07-13 00:00:00 UTC,1.0004843222553514,4284399626.8910966,84547767.8339312
2023-07-14 00:00:00 UTC,1.000453738791514,4277560181.6727877,153786030.2668712
2023-07-15 00:00:00 UTC,1.0002380721943285,4278160504.780999,139757019.54771373
2023-07-16 00:00:00 UTC,1.0002693945382868,4282594865.8335147,57421402.58303247
2023-07-17 00:00:00 UTC,0.9986146014857554,4271257221.522837,51943508.33921511
2023-07-18 00:00:00 UTC,1.000130387592534,4268761390.5631447,94340164.61257398
2023-07-19 00:00:00 UTC,1.0003703073480483,4266372134.639962,75023888.53083822
2023-07-20 00:00:00 UTC,1.0006309201983743,4256895368.923707,78924158.47936152
2023-07-21 00:00:00 UTC,0.9993975244673728,4258926837.026895,124092879.34161955
2023-07-22 00:00:00 UTC,1.0003976790193507,4230375296.107522,72943093.3078039
2023-07-23 00:00:00 UTC,0.9998951230079961,4233253642.455683,61512964.40700486
2023-07-24 00:00:00 UTC,0.9998409091233932,4231777287.7571425,55242359.49484849
2023-07-25 00:00:00 UTC,1.0002266458318576,4201417145.875002,83828616.98502076
2023-07-26 00:00:00 UTC,0.9995079768069949,4193417795.8524404,71879566.99857749
2023-07-27 00:00:00 UTC,1.0011167779072307,4184546172.5109143,113809128.92807554
2023-07-28 00:00:00 UTC,0.9997252945179841,4174307872.7461596,66707229.928054616
2023-07-29 00:00:00 UTC,0.9995583093392285,4152769850.1115656,70508058.96377498
2023-07-30 00:00:00 UTC,0.9996096311632312,4147926902.609463,55562124.311572745
2023-07-31 00:00:00 UTC,0.999683812954049,4156200353.074351,85868674.77592722
2023-08-01 00:00:00 UTC,1.0006953308027795,4167281695.9606514,125511191.98783256
2023-08-02 00:00:00 UTC,1.0011128349777005,4109758363.4900904,186014607.02107584
2023-08-03 00:00:00 UTC,0.9991043471948556,4081610024.415459,119632905.6223071
2023-08-04 00:00:00 UTC,1.0001191246675198,4053357489.7926426,131679594.10309935
2023-08-05 00:00:00 UTC,1.0005402594185786,4029077670.379351,209794476.48606485
2023-08-06 00:00:00 UTC,1.0003301032660623,4034875321.7894125,132508117.68685412
2023-08-07 00:00:00 UTC,0.9998699958918646,4036014525.9306407,150551791.46733713
2023-08-08 00:00:00 UTC,0.9996348022886811,4030372874.1291633,133325065.66211098
2023-08-09 00:00:00 UTC,1.0000691356155786,4043202455.8500404,197100141.99408382
2023-08-10 00:00:00 UTC,1.0001285970884923,4049241793.823921,136657145.0765099
2023-08-11 00:00:00 UTC,0.9997384303386553,4005538989.834342,92653749.31928197
2023-08-12 00:00:00 UTC,0.9997245039253415,3966647805.424773,74527928.70457636
2023-08-13 00:00:00 UTC,0.9997296780812843,4007856491.408019,68155296.48389661
2023-08-14 00:00:00 UTC,1.0001504624704196,3992763292.4773326,72469695.1984451
2023-08-15 00:00:00 UTC,0.9998489734127443,3965955127.581728,70684965.66860433
2023-08-16 00:00:00 UTC,0.9997310066055088,3926990689.244198,85940443.77674209
2023-08-17 00:00:00 UTC,1.0006523333914121,3921970396.5390043,72555701.25714141
2023-08-18 00:00:00 UTC,0.9964236359007094,3888152971.295847,199709289.44874296
2023-08-19 00:00:00 UTC,0.9999974410736178,3932615005.7222204,157153816.68304768
2023-08-20 00:00:00 UTC,1.000121050934677,3927679363.0090537,59930376.31986457
2023-08-21 00:00:00 UTC,0.9997526850736232,3965357951.4219356,55785499.55246555
2023-08-22 00:00:00 UTC,0.9998063574324749,3960362087.20327,93052467.87465155
2023-08-23 00:00:00 UTC,1.0003514700123934,3966122270.2099137,153042253.7208673
2023-08-24 00:00:00 UTC,0.9997565300953886,3942786665.364749,98083043.61183698
2023-08-25 00:00:00 UTC,0.9989314092623903,3918301511.8792,82921743.2214233
2023-08-26 00:00:00 UTC,0.9999896383289042,3936912851.4631596,64728354.90109413
2023-08-27 00:00:00 UTC,0.9999362356656871,3893299491.3412547,43468286.3252405
2023-08-28 00:00:00 UTC,0.9997006852023429,3893421729.988014,39936593.91179483
2023-08-29 00:00:00 UTC,1.0001622693128693,3883407239.7038107,62849688.63821991
2023-08-30 00:00:00 UTC,1.001010654547188,3907675278.4437356,135368796.83208236
2023-08-31 00:00:00 UTC,0.999811796081421,3897761136.052561,88822231.9732738
2023-09-01 00:00:00 UTC,0.9992430527658519,3895674528.070289,88890729.34126
2023-09-02 00:00:00 UTC,1.0005525065722676,3876351887.52642,127444895.95626831
2023-09-03 00:00:00 UTC,1.00003049556166,3875653753.2322445,54155818.095802434
2023-09-04 00:00:00 UTC,0.9996708539690198,3879264787.9157333,37603782.6210244
2023-09-05 00:00:00 UTC,1.0001147557520025,3870437234.787731,49199052.10013469
2023-09-06 00:00:00 UTC,1.0001078903291767,3847974515.4177895,62763542.20882151
2023-09-07 00:00:00 UTC,0.9997932527374042,3853352846.448078,88569161.65704256
2023-09-08 00:00:00 UTC,0.9992824560639862,3834868330.8727574,70406273.3339003
2023-09-09 00:00:00 UTC,0.9999890589928927,3834290071.5997024,49042938.52804879
2023-09-10 00:00:00 UTC,0.9990998603241183,3827133174.359537,50501825.6334966
2023-09-11 00:00:00 UTC,1.0001165649528458,3831376757.1764064,50740945.146429054
2023-09-12 00:00:00 UTC,1.0002668009922848,3833892408.854049,96045717.59332313
2023-09-13 00:00:00 UTC,0.9988079840133779,3834381235.9209127,105385023.564324
2023-09-14 00:00:00 UTC,0.9983762781693463,3834930388.5168133,77553144.95544654
2023-09-15 00:00:00 UTC,0.9983831805364423,3837068478.2200923,96339683.5762155
2023-09-16 00:00:00 UTC,0.9996506462611047,3825252288.9530854,82064904.58494887
2023-09-17 00:00:00 UTC,0.9997636560898563,3840553051.7958956,44682956.45880257
2023-09-18 00:00:00 UTC,0.9999658924533662,3864414016.670411,46493856.9887205
2023-09-19 00:00:00 UTC,0.9994495813298515,3867964568.6526804,80844944.65344055
2023-09-20 00:00:00 UTC,0.9993739816326297,3862783715.02582,87359452.87502654
2023-09-21 00:00:00 UTC,0.9997214634273801,3831345096.587514,74799371.52709492
2023-09-22 00:00:00 UTC,0.9990495289861392,3830490386.979882,81467462.9680315
2023-09-23 00:00:00 UTC,1.0001785795552274,3834030880.515211,74637793.49854788
2023-09-24 00:00:00 UTC,1.0004530352054082,3850913421.1540046,109358259.38262498
2023-09-25 00:00:00 UTC,0.9993645588236556,3838139994.2108064,53201442.30555603
2023-09-26 00:00:00 UTC,0.9999057436681229,3820934898.6545496,124891694.1244191
2023-09-27 00:00:00 UTC,0.9993665834146711,3813120901.149931,67449208.15432066
2023-09-28 00:00:00 UTC,1.0005956465344035,3795841116.4360056,96143548.38603438
2023-09-29 00:00:00 UTC,0.9993213035023355,3819792058.2266383,107559602.6410159
2023-09-30 00:00:00 UTC,0.9998389913906137,3825842723.6795616,82132584.77584463
2023-10-01 00:00:00 UTC,0.9996823652707864,3820789170.439402,62676004.921224326
2023-10-02 00:00:00 UTC,1.0013958091962483,3812118804.46229,102616334.92071721
2023-10-03 00:00:00 UTC,0.9986314954361499,3835374897.0046105,130591462.39856832
2023-10-04 00:00:00 UTC,0.9991895685198822,3823992101.6954966,96561545.80566084
2023-10-05 00:00:00 UTC,0.9992371192183824,3823300479.7287016,110840354.11205438
2023-10-06 00:00:00 UTC,0.9995968828229507,3831041002.77453,85395687.21286026
2023-10-07 00:00:00 UTC,0.9994510455124472,3820885576.7046447,76840295.72885907
2023-10-08 00:00:00 UTC,0.9998866489207936,3828264070.7734175,58945671.721630774
2023-10-09 00:00:00 UTC,1.000278026985568,3826794899.9389696,65661206.987318054
2023-10-10 00:00:00 UTC,1.0004812941714007,3826240558.078171,113466903.62849945
2023-10-11 00:00:00 UTC,0.9985892195255442,3820226930.7771373,97486485.9371619
2023-10-12 00:00:00 UTC,0.9997712970807096,3820073421.499527,108166869.6196418
2023-10-13 00:00:00 UTC,0.9993460807390072,3792491105.1754985,133230016.34961775
2023-10-14 00:00:00 UTC,0.9999518652392901,3788551624.0985875,100685811.86303377
2023-10-15 00:00:00 UTC,0.9996678267350576,3779444569.037422,63071208.358338386
2023-10-16 00:00:00 UTC,0.9996188691470921,3786673969.7339854,41932618.17177364
2023-10-17 00:00:00 UTC,0.9995916431222674,3794719736.735049,130185621.85659936
2023-10-18 00:00:00 UTC,0.9990030799483083,3796319474.2085037,90050105.29887366
2023-10-19 00:00:00 UTC,0.9988102171648486,3804773112.3112884,109217241.83185734
2023-10-20 00:00:00 UTC,0.9996562324255348,3778635817.6647177,86303107.86841519
2023-10-21 00:00:00 UTC,0.998829107403665,3784300717.7114787,110530245.68914934
2023-10-22 00:00:00 UTC,1.0002364654844145,3804195175.398507,106857988.54942453
2023-10-23 00:00:00 UTC,1.0000842627366162,3806850727.7352223,140897120.0700255
2023-10-24 00:00:00 UTC,1.000716929826574,3808051025.352555,305509221.72841525
2023-10-25 00:00:00 UTC,0.9997656507517925,3769294012.6685576,280139104.6170241
2023-10-26 00:00:00 UTC,0.9992639731140572,3758495607.2637157,161989586.3236942
2023-10-27 00:00:00 UTC,0.9991622986471417,3755706170.504544,188190645.14920163
2023-10-28 00:00:00 UTC,0.999389841644258,3764477187.114575,159236908.3981541
2023-10-29 00:00:00 UTC,0.9991075469302065,3765374946.798298,86157625.68836062
2023-10-30 00:00:00 UTC,0.9998076431927715,3742207550.322664,74842174.11661176
2023-10-31 00:00:00 UTC,1.0002010967031019,3759438764.4161844,156653471.82200927
2023-11-01 00:00:00 UTC,0.9991772082471527,3749482940.1587143,127550827.19177963
2023-11-02 00:00:00 UTC,0.999492113339801,3740486324.0923457,180902225.49653277
2023-11-03 00:00:00 UTC,0.9999474472423512,3727500827.8827033,186138780.60289127
2023-11-04 00:00:00 UTC,0.9993679096550204,3709581257.802769,162371794.6839368
2023-11-05 00:00:00 UTC,0.9990731163443961,3710229589.123972,94933747.65341789
2023-11-06 00:00:00 UTC,0.9998852845626401,3721711196.7703466,144686679.94668102
2023-11-07 00:00:00 UTC,0.9990387092312734,3718580052.9862638,153589958.16091844
2023-11-08 00:00:00 UTC,0.9999433543824336,5373648647.660293,142214502.7122874
2023-11-09 00:00:00 UTC,0.998756502057091,5333695293.984847,162742486.04734188
2023-11-10 00:00:00 UTC,1.0004011898958833,5331531086.344415,327821347.1368335
2023-11-11 00:00:00 UTC,0.9992186456499489,5320583077.923121,206694578.5605508
2023-11-12 00:00:00 UTC,1.0011865292348197,5347788905.869867,177091170.2926476
2023-11-13 00:00:00 UTC,0.9998646514674374,5333859954.312371,142978785.18566084
2023-11-14 00:00:00 UTC,0.9996811966777589,5316407331.210593,180225188.29507086
2023-11-15 00:00:00 UTC,0.9987395161073086,5289738524.9951315,186195005.04477236
2023-11-16 00:00:00 UTC,1.0008581900193343,5277803148.952082,174311712.09464967
2023-11-17 00:00:00 UTC,1.0003652357457578,5284068825.853988,240862005.0819982
2023-11-18 00:00:00 UTC,0.9996251404808768,5278615027.797746,223997098.23540172
2023-11-19 00:00:00 UTC,0.9990060017307424,5281304957.064429,273853855.1464217
2023-11-20 00:00:00 UTC,0.9991271921831132,5304445577.0334835,234250773.33154935
2023-11-21 00:00:00 UTC,1.0000436718240107,5300512339.048492,265082556.76323685
2023-11-22 00:00:00 UTC,0.9991382653401106,5304013003.845185,303344435.13233286
2023-11-23 00:00:00 UTC,0.9988201019975436,5303565069.718804,268290484.74622503
2023-11-24 00:00:00 UTC,0.9995839611084174,5316137908.245606,238119367.758161
2023-11-25 00:00:00 UTC,1.0007228348280053,5339582452.830955,242898844.17271465
2023-11-26 00:00:00 UTC,0.999208265312233,5349419539.579679,238643008.35792795
2023-11-27 00:00:00 UTC,0.9982594982575227,5344593433.978928,243842873.9766442
2023-11-28 00:00:00 UTC,0.9978541380457493,5335156809.831632,321977919.993712
2023-11-29 00:00:00 UTC,0.9985239222029968,5341225834.168116,315168165.04758024
2023-11-30 00:00:00 UTC,0.9973052311444655,5332853313.174109,311211986.23415273
2023-12-01 00:00:00 UTC,0.9995720900831805,5351674316.646581,492702492.11676383
2023-12-02 00:00:00 UTC,0.998790025131266,5336812547.538293,218225278.85493135
2023-12-03 00:00:00 UTC,0.9993712033423048,5326359607.794,307435232.6704023
2023-12-04 00:00:00 UTC,0.999344760774288,5350849758.38641,355478198.17234796
2023-12-05 00:00:00 UTC,0.9971688434497156,5352271806.826097,443918595.9877779
2023-12-06 00:00:00 UTC,0.9993023551110342,5344964858.934408,610314071.2395923
2023-12-07 00:00:00 UTC,0.9985489156291311,5373845210.74843,311008677.8255813
2023-12-08 00:00:00 UTC,0.9988013486474063,5390602739.433918,297043227.338009
2023-12-09 00:00:00 UTC,0.9993835225514174,5404818745.87786,281587946.4499186
2023-12-10 00:00:00 UTC,0.9995788448189794,5429191987.341187,272295671.9244292
2023-12-11 00:00:00 UTC,1.000205157633104,5440669031.148383,230919855.73717105
2023-12-12 00:00:00 UTC,0.9993318291384878,5366697362.37937,352181496.5711788
2023-12-13 00:00:00 UTC,0.9979046186982207,5283016461.061206,272804990.1327696
2023-12-14 00:00:00 UTC,0.9991056379833628,5253568538.102296,303166572.2231763
2023-12-15 00:00:00 UTC,0.9984938449828489,5261339798.265057,348625799.85540336
2023-12-16 00:00:00 UTC,0.9981638348010367,5244484807.1569195,251121691.55111983
2023-12-17 00:00:00 UTC,1.0005728101839544,5293902006.8033495,368936617.1591718
2023-12-18 00:00:00 UTC,0.9987102259786936,5282702630.806892,210149406.05167344
2023-12-19 00:00:00 UTC,0.9991546210985056,5294245503.554264,222485799.6361142
2023-12-20 00:00:00 UTC,0.9995772345331327,5296161924.19981,297899817.7610793
2023-12-21 00:00:00 UTC,0.9996477894427565,5295916925.420145,255011568.34548065
2023-12-22 00:00:00 UTC,0.9994683123136038,5295976062.655228,209424119.72975278
2023-12-23 00:00:00 UTC,0.9986709928005406,5304603984.654678,245615038.73944545
2023-12-24 00:00:00 UTC,0.9989087169838312,5335727936.532724,180763115.62259185
2023-12-25 00:00:00 UTC,0.9981108248211905,5329445293.488544,172909104.92947233
2023-12-26 00:00:00 UTC,0.9990408819288723,5314657833.056119,160632158.4998067
2023-12-27 00:00:00 UTC,0.9992341456511232,5290813644.614794,229677099.06883043
2023-12-28 00:00:00 UTC,0.9988385531178471,5289085313.168833,294607375.2689485
2023-12-29 00:00:00 UTC,0.9979745200520287,5261254612.097729,330823872.8545444
2023-12-30 00:00:00 UTC,0.9993543955654896,5263028082.228716,288394626.0094734
2023-12-31 00:00:00 UTC,0.9984669745963115,5247903960.920735,222240605.63529983
2024-01-01 00:00:00 UTC,0.9984176080691117,5225918865.649641,246702952.0037369
2024-01-02 00:00:00 UTC,0.9996661360297513,5259746086.111948,249549205.8363218
2024-01-03 00:00:00 UTC,1.0000943784185694,5278899203.319338,329420750.48805726
2024-01-04 00:00:00 UTC,1.0003136322446156,5297659777.328677,377654223.15624493
2024-01-05 00:00:00 UTC,0.9992834481124367,5283394860.340295,318057717.1214983
2024-01-06 00:00:00 UTC,0.999759413421165,5266606693.197288,324484593.00877947
2024-01-07 00:00:00 UTC,0.9999580896397688,5272639833.472732,260571177.07395196
2024-01-08 00:00:00 UTC,0.9969830389075077,5256661462.276386,189201973.32565096
2024-01-09 00:00:00 UTC,1.0007062866195184,5293879934.877715,207698009.66612622
2024-01-10 00:00:00 UTC,1.00106136885487,5301129197.499609,239352117.43776777
2024-01-11 00:00:00 UTC,0.9996545183469563,5323457033.953309,255989178.3244647
2024-01-12 00:00:00 UTC,0.9984256547661441,5297261257.37028,281191728.9627301
2024-01-13 00:00:00 UTC,1.0006927088101103,5243986202.393108,281317500.5807704
2024-01-14 00:00:00 UTC,0.9999016353581486,5250968491.806807,252634250.8703801
2024-01-15 00:00:00 UTC,0.9948974526194805,5231866624.790587,148332191.50369546
2024-01-16 00:00:00 UTC,1.0005519934710299,5217972669.0121,269797774.04982924
2024-01-17 00:00:00 UTC,0.9981451655206858,5198137109.446308,142511610.97608507
2024-01-18 00:00:00 UTC,0.9983214581266766,5184533298.778981,216067200.9721439
2024-01-19 00:00:00 UTC,0.9983707104512803,5182495810.869121,150854198.258745
2024-01-20 00:00:00 UTC,0.9986914297598617,5166646630.297213,157000259.08797258
2024-01-21 00:00:00 UTC,0.9987096510409288,5171474493.064136,187919875.2861506
2024-01-22 00:00:00 UTC,0.9997612522835361,5171976755.867978,86166583.33473663
2024-01-23 00:00:00 UTC,0.996854645075059,5143167700.360399,248107849.17579576
2024-01-24 00:00:00 UTC,1.0009604873675122,5173921644.132684,185250056.76171523
2024-01-25 00:00:00 UTC,0.9989139233242168,5187453830.347633,166475272.64660174
2024-01-26 00:00:00 UTC,0.9994397257182981,5215431624.496999,187045625.10225207
2024-01-27 00:00:00 UTC,0.999508250837353,5224385843.670266,230904228.9735661
2024-01-28 00:00:00 UTC,0.9985634159577331,5220225095.465774,141123588.19079122
2024-01-29 00:00:00 UTC,0.9981570103647778,5220154904.750346,132538968.60971184
2024-01-30 00:00:00 UTC,1.000779019099163,5230092648.089405,161608727.6276029
2024-01-31 00:00:00 UTC,0.9990534805087247,5195001585.66389,152653517.12594345
2024-02-01 00:00:00 UTC,0.9981142484345036,4887027498.58747,164101580.6418199
2024-02-02 00:00:00 UTC,0.9993799640988332,4889778755.956685,110094075.30974849
2024-02-03 00:00:00 UTC,1.0000580475237781,4872786331.2419615,68125103.1657082
2024-02-04 00:00:00 UTC,0.9999850566100776,4885110116.077851,150947246.8157887
2024-02-05 00:00:00 UTC,0.9996138323116447,4886464710.199051,44593828.8561701
2024-02-06 00:00:00 UTC,0.999933186804812,4861289143.889812,106148331.48585178
2024-02-07 00:00:00 UTC,1.0002794781115933,4876575458.374237,138763881.36283502
2024-02-08 00:00:00 UTC,1.0003328833980083,4871875544.560561,151011002.55170217
2024-02-09 00:00:00 UTC,1.0003418066126628,4871962730.57661,92349616.64468667
2024-02-10 00:00:00 UTC,0.9993252035309103,4887967281.18973,114028339.70628916
2024-02-11 00:00:00 UTC,1.0004074815042208,4906203908.04291,94916779.40465058
2024-02-12 00:00:00 UTC,0.9986933059010781,4913412792.192507,238544833.17647374
2024-02-13 00:00:00 UTC,1.000547456002949,4880242731.982695,130551665.54267158
2024-02-14 00:00:00 UTC,1.0004972270405887,4879840514.609832,132135377.15621746
2024-02-15 00:00:00 UTC,0.9987213170347023,4876142484.472906,134254753.12431774
2024-02-16 00:00:00 UTC,0.9995936951881609,4900135347.329639,118228936.64390649
2024-02-17 00:00:00 UTC,0.9996309188471183,4898709648.849703,234342787.46748346
2024-02-18 00:00:00 UTC,0.9999587795959066,4914202155.003047,94081686.69867775
2024-02-19 00:00:00 UTC,1.0008029212643912,4914225223.6167345,87008459.80498005
2024-02-20 00:00:00 UTC,0.9989645797997002,4959965330.728616,108618502.60103616
2024-02-21 00:00:00 UTC,1.000866198615339,4926002472.086137,167904838.72858143
2024-02-22 00:00:00 UTC,1.0003870984274155,4939359857.614133,174088868.86788973
2024-02-23 00:00:00 UTC,0.9998013057070934,4913453558.124006,137621266.34836656
2024-02-24 00:00:00 UTC,0.9992491122822397,4933171381.440432,135850296.47207353
2024-02-25 00:00:00 UTC,0.9989521874026419,4942786813.81091,118153148.2260367
2024-02-26 00:00:00 UTC,1.0006786497922102,4955240339.422011,112944328.59592904
2024-02-27 00:00:00 UTC,0.9989691952249989,4976187340.680514,184094434.60514766
2024-02-28 00:00:00 UTC,0.9993630251003273,4976325030.204166,434025914.89587647
2024-02-29 00:00:00 UTC,1.000199453890042,4986856308.790082,325968759.323411
2024-03-01 00:00:00 UTC,0.997904386890127,5007369716.158535,250760131.142104
2024-03-02 00:00:00 UTC,0.9985613221659669,5029425225.185477,208750502.88224208
2024-03-03 00:00:00 UTC,0.9982499768221812,4994879808.095453,347584502.0438368
2024-03-04 00:00:00 UTC,1.0008687960202955,5011673442.074696,213293143.54419902
2024-03-05 00:00:00 UTC,1.0015901425886167,4996496581.041652,173112861.41865164
2024-03-06 00:00:00 UTC,1.0020989799900553,4805075429.331601,728627142.8195467
2024-03-07 00:00:00 UTC,1.0007313314858324,4840063739.071895,948046010.8954637
2024-03-08 00:00:00 UTC,1.0033635255129865,4491947827.67226,758266258.8120925
2024-03-09 00:00:00 UTC,1.001736533452737,4423321885.23122,465531899.9708336
2024-03-10 00:00:00 UTC,1.001763462690034,4427725699.351457,332578421.4514789
2024-03-11 00:00:00 UTC,1.0003865057005716,4590164079.079461,415436414.1586351
2024-03-12 00:00:00 UTC,0.9994898914464563,4581270600.050402,658068922.7189372
2024-03-13 00:00:00 UTC,0.9991467045063303,4576518224.964993,625216574.721931
2024-03-14 00:00:00 UTC,0.9999775760616915,4601599127.422705,446591386.0837381
2024-03-15 00:00:00 UTC,0.999165693995468,4600372957.045028,516930859.40181357
2024-03-16 00:00:00 UTC,0.9982599412897979,4648316841.807731,944181764.7427027
2024-03-17 00:00:00 UTC,0.9972760280622457,4697838046.429688,819162851.9412016
2024-03-18 00:00:00 UTC,0.9998180382853976,4708857289.167534,505362483.3984956
2024-03-19 00:00:00 UTC,0.9990494943036641,4746989502.5747,382408635.20340973
2024-03-20 00:00:00 UTC,0.999145452806631,4715589175.417742,808807236.2468743
2024-03-21 00:00:00 UTC,0.9990529913362443,4662369076.985342,567554743.6986727
2024-03-22 00:00:00 UTC,1.000230802521699,4685715117.801237,448914958.01783866
2024-03-23 00:00:00 UTC,0.9991965433467933,4763561387.909652,739396685.3250165
2024-03-24 00:00:00 UTC,0.9976979947100171,4840794632.4448,548869627.1817111
2024-03-25 00:00:00 UTC,0.9989563133099485,4900942388.70404,437498047.2841136
2024-03-26 00:00:00 UTC,0.9998552605741614,4796620097.835428,336879569.1406331
2024-03-27 00:00:00 UTC,1.0005756668313857,4826496680.531846,422763667.61600083
2024-03-28 00:00:00 UTC,0.9974907876534437,4791415873.550779,889684478.0965985
2024-03-29 00:00:00 UTC,0.9977414009074382,4823511448.342107,866947712.981145
2024-03-30 00:00:00 UTC,0.9990071473773184,4910922598.528062,533875090.70585185
2024-03-31 00:00:00 UTC,0.998910665313939,4900154055.923267,309968561.61928725
2024-04-01 00:00:00 UTC,0.998891165259298,4905332847.585422,213668131.193521
2024-04-02 00:00:00 UTC,0.9994273245287395,4971423246.559443,204659665.2352806
2024-04-03 00:00:00 UTC,0.9989880349709727,4979998435.875452,441499909.2829468
2024-04-04 00:00:00 UTC,0.9998145868358759,4941180940.632912,737981375.531133
2024-04-05 00:00:00 UTC,0.9985452122709185,4985312172.028377,1091921506.7702007
2024-04-06 00:00:00 UTC,0.9989391677428754,5056208756.545576,783578951.5234693
2024-04-07 00:00:00 UTC,1.0001892990823578,5115970292.207991,606901271.5348424
2024-04-08 00:00:00 UTC,1.000820041552792,5094685447.448485,612423117.3540065
2024-04-09 00:00:00 UTC,0.9986153324860738,4875990761.49383,508976975.4292589
2024-04-10 00:00:00 UTC,1.0001172381850658,4817344830.984064,433552378.8536026
2024-04-11 00:00:00 UTC,1.0001283114040087,4856524244.362495,348753621.3501127
2024-04-12 00:00:00 UTC,0.9999127256894282,4876219862.659646,297674227.6814355
2024-04-13 00:00:00 UTC,1.0003469500389368,4941892075.563501,511331684.28361106
2024-04-14 00:00:00 UTC,1.0018424003512945,5108587768.75536,868827338.8880388
2024-04-15 00:00:00 UTC,1.0000477675745136,5087517313.610064,587388532.9598892
2024-04-16 00:00:00 UTC,0.9989224978121801,5012528751.229344,467877611.55646205
2024-04-17 00:00:00 UTC,1.0002262603666516,5114295026.491415,618049721.238677
2024-04-18 00:00:00 UTC,0.9994370834486289,5020539901.357593,816648512.9527073
2024-04-19 00:00:00 UTC,0.9997895973551364,5053668572.647854,285452645.2011
2024-04-20 00:00:00 UTC,1.0020061673759026,5119283866.86773,1159381629.5299299
2024-04-21 00:00:00 UTC,0.9997742931030804,5156855306.503324,710389982.7620738
2024-04-22 00:00:00 UTC,0.999806010253302,5178339996.768808,348945293.90541685
2024-04-23 00:00:00 UTC,0.9996468020735997,5241643617.076663,369141785.88004875
2024-04-24 00:00:00 UTC,0.9999166683968839,5265658156.574773,448509828.7217072
2024-04-25 00:00:00 UTC,0.9996246355182357,5209954534.144837,434353918.0682001
2024-04-26 00:00:00 UTC,0.9998649597123644,5193560049.247435,519181370.7590388
2024-04-27 00:00:00 UTC,0.9995109923502649,5223029135.625194,618343771.8799963
2024-04-28 00:00:00 UTC,0.9994737001156265,5303768667.66688,538883648.2543361
2024-04-29 00:00:00 UTC,0.9992962237169988,5295283293.861796,640829779.6124254
2024-04-30 00:00:00 UTC,0.9988562712508119,5268010060.528881,670778699.45762
2024-05-01 00:00:00 UTC,1.0000196472491767,5244981670.10464,660721169.4819645
2024-05-02 00:00:00 UTC,0.9990233526307299,5210994708.137688,824412191.2477564
2024-05-03 00:00:00 UTC,0.9994931585375433,5268532157.013305,658293200.0590745
2024-05-04 00:00:00 UTC,0.9989700767461471,5336560680.044573,699215253.3372616
2024-05-05 00:00:00 UTC,0.9995846103729212,5434187858.064369,643717782.4794081
2024-05-06 00:00:00 UTC,0.9997369150891815,5452344993.489851,576867348.09819
2024-05-07 00:00:00 UTC,0.9990549180121291,5368103853.917982,654610513.0144628
2024-05-08 00:00:00 UTC,0.9990538682966505,5399562935.810561,586636878.8554494
2024-05-09 00:00:00 UTC,0.99989949117412,5422460513.411147,675541774.154023
2024-05-10 00:00:00 UTC,0.9993202129069916,5437595996.538355,606266746.0339464
2024-05-11 00:00:00 UTC,0.9995033844758454,5459263317.011318,591430714.8123639
2024-05-12 00:00:00 UTC,0.9991939578878013,5474167339.569394,717935955.1864855
2024-05-13 00:00:00 UTC,0.9988344558577785,5478337321.169827,552735341.8434638
2024-05-14 00:00:00 UTC,1.0002250156635035,5475454349.260518,662665431.5442121
2024-05-15 00:00:00 UTC,0.9991602385923187,5443770567.75914,795034743.1102155
2024-05-16 00:00:00 UTC,0.9991229677735609,5479904789.804112,702192361.2073495
2024-05-17 00:00:00 UTC,0.9995560963295036,5443312981.322501,447022230.1197532
2024-05-18 00:00:00 UTC,1.0004575684413526,5448860997.05523,506244229.68335783
2024-05-19 00:00:00 UTC,1.000655303423064,5499628973.965264,612851550.880045
2024-05-20 00:00:00 UTC,0.9993669308864865,5514833576.343835,497994410.3363239
2024-05-21 00:00:00 UTC,1.0001598175121509,5388917387.373819,799822766.0413833
2024-05-22 00:00:00 UTC,1.0000084077919036,5331120003.084376,622506999.9384459
2024-05-23 00:00:00 UTC,1.000881418120247,5323682607.209462,411627120.3066818
2024-05-24 00:00:00 UTC,1.0007488812878,5285914723.955348,398150001.539862
2024-05-25 00:00:00 UTC,0.999831767826649,5303678791.201796,315328723.52319133
2024-05-26 00:00:00 UTC,1.000150729125024,5307823283.198449,284568929.3408373
2024-05-27 00:00:00 UTC,0.9999748788893325,5289771419.00488,192503942.68099487
2024-05-28 00:00:00 UTC,0.9998029536945758,5338557449.861216,298889419.57017845
2024-05-29 00:00:00 UTC,0.9991002441390435,5326924126.442654,218277782.62562835
2024-05-30 00:00:00 UTC,0.9995499916679319,5326689659.663316,306357786.0194375
2024-05-31 00:00:00 UTC,1.0002246019535397,5352491907.886145,343702313.3287567
2024-06-01 00:00:00 UTC,0.9999792521416365,5313827584.109041,313401302.40838337
2024-06-02 00:00:00 UTC,0.9999601574800826,5315661415.6237545,234745599.54146203
2024-06-03 00:00:00 UTC,0.9991948699462665,5287488912.397169,239336052.91877562
2024-06-04 00:00:00 UTC,1.0000944802796996,5252827680.991351,383516014.20173466
2024-06-05 00:00:00 UTC,1.000542649164824,5268355519.858863,325676738.1376053
2024-06-06 00:00:00 UTC,1.000306393949778,5312503774.675779,307412746.6264837
2024-06-07 00:00:00 UTC,1.0007060835312342,5265772697.846474,229191489.40370825
2024-06-08 00:00:00 UTC,0.99995229264058,5274910476.681997,289277667.60393953
2024-06-09 00:00:00 UTC,0.999582661321665,5260637452.811675,333456326.69305867
2024-06-10 00:00:00 UTC,0.9993741593513468,5266286016.104943,411742993.19278926
2024-06-11 00:00:00 UTC,0.9997916397517008,5287627767.413207,382347599.35938966
2024-06-12 00:00:00 UTC,1.0009392425119579,5279960052.333839,285581378.07687175
2024-06-13 00:00:00 UTC,1.0004685582197557,5291671575.941917,304095231.56586605
2024-06-14 00:00:00 UTC,1.0000638381429676,5266028891.424742,299294585.16162264
2024-06-15 00:00:00 UTC,1.0007240383039415,5223801820.213772,418814995.7075002
2024-06-16 00:00:00 UTC,0.9993690261589128,5237130438.861848,324661625.77615523
2024-06-17 00:00:00 UTC,0.9979239563838518,5237009910.490513,337234005.4001905
2024-06-18 00:00:00 UTC,0.9988906763833738,5264318376.694833,349489909.5121415
2024-06-19 00:00:00 UTC,0.9992919459569933,5256237297.22734,702679582.2665735
2024-06-20 00:00:00 UTC,0.9992788633088023,5248224158.790952,474117920.14036036
2024-06-21 00:00:00 UTC,0.9992560814211808,5176304199.669812,472313774.73274213
2024-06-22 00:00:00 UTC,0.9993139101070168,5168551226.116121,446464377.76553434
2024-06-23 00:00:00 UTC,0.9988016251279956,5203455663.290101,300340484.06861097
2024-06-24 00:00:00 UTC,0.9988005965819405,5204058061.481652,238663630.772297
2024-06-25 00:00:00 UTC,0.999634463718693,5180479599.603259,500640181.56656593
2024-06-26 00:00:00 UTC,1.0004401910240397,5189876467.570222,383881008.51254123
2024-06-27 00:00:00 UTC,0.9992204712131246,5187314474.979869,339950364.5594621
2024-06-28 00:00:00 UTC,1.0001388560157967,5172058969.560809,434006587.22774047
2024-06-29 00:00:00 UTC,0.9992709402045377,5129964024.121219,423866267.91866356
2024-06-30 00:00:00 UTC,0.9991508644898954,5145503797.756386,312482197.26805794
2024-07-01 00:00:00 UTC,0.9996321561085362,5121129269.507872,386681889.3786282
2024-07-02 00:00:00 UTC,0.9993578368593986,5158130614.616125,491819739.88627124
2024-07-03 00:00:00 UTC,0.9999319089611889,5183627554.3347645,500996101.79313993
2024-07-04 00:00:00 UTC,1.0012516274873455,5192688454.344827,514280021.50325876
2024-07-05 00:00:00 UTC,0.9999181388971079,5144008063.517353,653928818.1887857
2024-07-06 00:00:00 UTC,0.9992017991331014,5201339405.254812,1368004917.6395276
2024-07-07 00:00:00 UTC,0.9995055590043478,5333169668.099635,825948883.4224061
2024-07-08 00:00:00 UTC,0.9996420088490929,5332049711.492774,840483526.9151851
2024-07-09 00:00:00 UTC,0.9998739916094963,5263428325.193113,139248176.35339203
2024-07-10 00:00:00 UTC,0.9990852848723997,5274673511.801994,89354111.57378338
2024-07-11 00:00:00 UTC,0.9992181406265842,5274980374.597966,164585842.99495378
2024-07-12 00:00:00 UTC,0.9995997753218133,5292262444.223135,194514404.0918538
2024-07-13 00:00:00 UTC,0.9997346647260562,5289148066.818527,300203609.7564255
2024-07-14 00:00:00 UTC,0.9986614076674938,5353995172.58814,90154289.93598872
2024-07-15 00:00:00 UTC,0.9993454744887194,5346507051.008113,152152325.2241244
2024-07-16 00:00:00 UTC,1.000686923624995,5337331419.723476,175087842.32706428
2024-07-17 00:00:00 UTC,0.9996384670885394,5355886591.057689,245540824.0327465
2024-07-18 00:00:00 UTC,0.9991346260959002,5325112922.707959,149046963.56675512
2024-07-19 00:00:00 UTC,0.9989468335985874,5306123079.25584,165547347.71482006
2024-07-20 00:00:00 UTC,0.9994885675866548,5349846798.681332,198315216.22843057
2024-07-21 00:00:00 UTC,0.9999018943002121,5472047864.437051,77439397.40643081
2024-07-22 00:00:00 UTC,1.0000486899772025,5421802125.738027,92471350.246096
2024-07-23 00:00:00 UTC,0.9994526120282727,5326363879.867493,131467771.47640125
2024-07-24 00:00:00 UTC,0.9993884378876927,5322192810.54494,193283583.25394583
2024-07-25 00:00:00 UTC,0.9995488740397592,5278251993.660067,184952664.56260338
2024-07-26 00:00:00 UTC,0.9997666010960015,5266987813.071405,234913892.81213307
2024-07-27 00:00:00 UTC,1.000028521797985,5260661962.142698,184445501.79717666
2024-07-28 00:00:00 UTC,0.9992174603407649,5268075942.907909,153817413.09952986
2024-07-29 00:00:00 UTC,1.000745169751593,5277809099.790074,117833667.87146963
2024-07-30 00:00:00 UTC,1.0005246641404093,5231842458.383777,155907632.93384412
2024-07-31 00:00:00 UTC,0.9990263599995386,5292479848.7866535,127508376.18368231
2024-08-01 00:00:00 UTC,1.0004639648856015,5274365277.791668,102678127.11673254
2024-08-02 00:00:00 UTC,1.0000054799643132,5267929500.4953165,204904659.976756
2024-08-03 00:00:00 UTC,0.9995108114872646,5242385709.399254,211112500.50827906
2024-08-04 00:00:00 UTC,1.0000894369037003,5249325199.549489,166933684.52793062
2024-08-05 00:00:00 UTC,0.9982259378350805,5272208905.262691,219848412.8933946
2024-08-06 00:00:00 UTC,0.9971588234575248,5236949854.931405,1136760096.2702754
2024-08-07 00:00:00 UTC,0.9994805510189082,5244962746.075149,326125806.4118631
2024-08-08 00:00:00 UTC,0.9994537526147065,5223677213.559539,379510966.9821222
2024-08-09 00:00:00 UTC,0.9998185195327495,5241534738.773243,185157290.16326812
2024-08-10 00:00:00 UTC,0.9988416711423459,5226577582.940521,161557590.31328768
2024-08-11 00:00:00 UTC,0.9997485742921082,5236557408.331357,81843860.72879231
2024-08-12 00:00:00 UTC,0.9989033431518357,5208336929.110548,95428144.81485526
2024-08-13 00:00:00 UTC,0.9988996494027662,5210048034.259221,142094485.4792558
2024-08-14 00:00:00 UTC,1.000054475578098,5213578663.14217,145864263.77940774
2024-08-15 00:00:00 UTC,0.9987623306694962,5227384067.734997,116250936.65056741
2024-08-16 00:00:00 UTC,0.9987510739789501,5230830675.706695,161409968.12982538
2024-08-17 00:00:00 UTC,0.9992271838506317,5247021266.374397,133311046.64253817
2024-08-18 00:00:00 UTC,0.9996683432099042,5263536627.72465,104403874.24093983
2024-08-19 00:00:00 UTC,0.9973278427222518,5235073504.71185,122020055.44403358
2024-08-20 00:00:00 UTC,1.0009794520994943,5199517397.484954,121711013.0111398
2024-08-21 00:00:00 UTC,0.9989104708784725,5192646360.989066,101699498.51078369
2024-08-22 00:00:00 UTC,1.0003077960418847,5170002439.671608,119204967.46275634
2024-08-23 00:00:00 UTC,0.9996670354978743,5158214262.865437,63456315.02277271
2024-08-24 00:00:00 UTC,1.0011538016948196,5164441887.171331,130497728.42019138
2024-08-25 00:00:00 UTC,1.0010971561388151,5161190037.152089,93853737.82386553
2024-08-26 00:00:00 UTC,0.9994978161435075,5169716680.210023,64793234.61588733
2024-08-27 00:00:00 UTC,0.999026481345942,5337359709.844773,115442717.60321136
2024-08-28 00:00:00 UTC,0.998651953722623,5352103322.8037195,133923490.08405606
2024-08-29 00:00:00 UTC,0.9985481162617058,5347387533.248196,130411533.41670315
2024-08-30 00:00:00 UTC,1.0002326927992524,5352452661.698056,97690501.90495627
2024-08-31 00:00:00 UTC,1.0000764895187024,5347185219.050471,84908375.68567072
2024-09-01 00:00:00 UTC,0.9998761193458076,5345746019.949651,25182334.258885913
2024-09-02 00:00:00 UTC,1.0002011217991431,5341268628.181987,84375573.41265796
2024-09-03 00:00:00 UTC,0.9998527273882203,5337564402.75858,100803801.96608695
2024-09-04 00:00:00 UTC,0.9984486888131717,5353602912.8770275,90163909.33585379
2024-09-05 00:00:00 UTC,1.000231294300199,5289541422.268142,124640972.26524441
2024-09-06 00:00:00 UTC,0.9995337439341775,5259919292.999659,65794489.48481692
2024-09-07 00:00:00 UTC,1.0000169180487875,5098923107.3848,151001403.8969827
2024-09-08 00:00:00 UTC,1.000506593024453,5120755726.627253,93064651.37377661
2024-09-09 00:00:00 UTC,0.9991324097419881,5116596397.984537,53390182.5616117
2024-09-10 00:00:00 UTC,0.9996601991796062,5059766869.568093,101345952.89663616
2024-09-11 00:00:00 UTC,1.0003390209208793,5082893427.117606,64855015.803837016
2024-09-12 00:00:00 UTC,1.0000864013255113,5092388853.33286,132613043.56860292
2024-09-13 00:00:00 UTC,0.9996632694548164,5103339797.4955635,53247297.848714195
2024-09-14 00:00:00 UTC,1.0001352132742405,5142182724.144495,69756310.73872635
2024-09-15 00:00:00 UTC,0.9999631302324747,5149408006.109717,45636574.89853247
2024-09-16 00:00:00 UTC,1.0003303199747944,5130263878.707032,40107276.74743816
2024-09-17 00:00:00 UTC,0.9994154259584174,5133662237.855747,63404421.82008496
2024-09-18 00:00:00 UTC,0.9997272238691266,5217151838.11238,61612770.94239171
2024-09-19 00:00:00 UTC,1.0012205368599603,5263061981.547942,88725520.43925814
2024-09-20 00:00:00 UTC,1.0002820915697619,5294912032.032825,79804338.08365172
2024-09-21 00:00:00 UTC,1.0003826190713665,5329744241.983129,93530873.5662888
2024-09-22 00:00:00 UTC,0.9996922098173071,5326464516.149482,73614265.60138813
2024-09-23 00:00:00 UTC,1.0005533867474452,5358520189.859409,53504207.283340916
2024-09-24 00:00:00 UTC,0.9998256995433634,5346733188.232329,65990502.90859216
2024-09-25 00:00:00 UTC,1.0000157182007217,5378634894.590021,67494707.25801282
2024-09-26 00:00:00 UTC,1.0011783925679625,5437486931.789875,75424369.37048519
2024-09-27 00:00:00 UTC,0.9997740420744442,5451973523.412019,89714900.59542902
2024-09-28 00:00:00 UTC,1.0005865936389111,5470733245.105469,111489882.94708201
2024-09-29 00:00:00 UTC,1.000049971030656,5480422276.722588,64408453.796356484
2024-09-30 00:00:00 UTC,0.9995792445358502,5484270558.291502,40948198.79349188
2024-10-01 00:00:00 UTC,1.000511047410521,5475498653.98296,236968774.08957678
2024-10-02 00:00:00 UTC,0.9994203714427887,5867810928.721625,123973131.045173
2024-10-03 00:00:00 UTC,1.000496686957949,5870935758.356298,101752965.96387042
2024-10-04 00:00:00 UTC,0.9996164735489473,5840130301.466179,141155007.71070063
2024-10-05 00:00:00 UTC,1.0002093081226333,5865854067.765895,80621569.09798296
2024-10-06 00:00:00 UTC,1.0000476905566411,5875234850.921417,46723191.8121273
2024-10-07 00:00:00 UTC,0.9995715365400474,5872315191.193361,65168382.459164575
2024-10-08 00:00:00 UTC,0.9982608958783212,5866442722.344085,61803889.762331806
2024-10-09 00:00:00 UTC,0.9998246946525502,5822180794.604062,93155055.29329757
2024-10-10 00:00:00 UTC,0.9993171781075901,5795035757.071069,83958110.00578363
2024-10-11 00:00:00 UTC,1.0000738612376914,5786367573.243786,93879144.72066739
2024-10-12 00:00:00 UTC,0.999846898945069,5902449818.34362,117536062.47015859
2024-10-13 00:00:00 UTC,1.0000625085413164,5907437767.633932,50229555.58092725
2024-10-14 00:00:00 UTC,1.000588470845956,5908091284.486391,42430101.83291668
2024-10-15 00:00:00 UTC,0.9996169816162874,5874352486.868795,99941739.26112185
2024-10-16 00:00:00 UTC,0.9997312121314423,5868127848.978091,80992847.65363628
2024-10-17 00:00:00 UTC,0.9997743686694076,5893333867.663177,64915768.52564122
2024-10-18 00:00:00 UTC,1.0000924498594157,5858222446.214538,46909529.75270638
2024-10-19 00:00:00 UTC,1.0003751490212698,5883983239.026197,32680393.801378105
2024-10-20 00:00:00 UTC,1.0000947448258046,5875439682.782454,29281306.92993935
2024-10-21 00:00:00 UTC,0.9999362866188701,5866226164.063363,32868073.031380646
2024-10-22 00:00:00 UTC,0.9997132206121877,5835065113.128419,116111010.6537914
2024-10-23 00:00:00 UTC,0.9995158469303582,5872380041.892032,70342502.02446304
2024-10-24 00:00:00 UTC,0.9999771148486638,5784571493.459466,63560953.89406036
2024-10-25 00:00:00 UTC,1.0007147501444302,5696883598.735804,63236926.50917159
2024-10-26 00:00:00 UTC,1.0030753506389063,3247446621.7586455,200643850.4738281
2024-10-27 00:00:00 UTC,0.9998121667427431,3303000184.610153,47569363.14058938
2024-10-28 00:00:00 UTC,0.9994611832076549,3278089508.671972,26768343.70487094
2024-10-29 00:00:00 UTC,0.9997476142934707,3270970097.6177664,69495267.44666958
2024-10-30 00:00:00 UTC,1.0013854345614912,3298039183.97111,91883852.21437578
2024-10-31 00:00:00 UTC,0.9996220060701708,3314268837.374887,58936816.46742329
2024-11-01 00:00:00 UTC,0.9984808370395003,3231173629.7194834,107398196.31201173
2024-11-02 00:00:00 UTC,1.0002207352549992,3296967365.0225205,66057995.04713775
2024-11-03 00:00:00 UTC,1.0002397873841957,3309155951.14351,32790333.70305181
2024-11-04 00:00:00 UTC,0.9997444192344789,3306021473.5770535,39885463.28677348
2024-11-05 00:00:00 UTC,1.0007771641887107,3320063236.2645025,55450673.33446258
2024-11-06 00:00:00 UTC,0.9990473558624028,3322528068.950676,60032215.49489965
2024-11-07 00:00:00 UTC,0.9994125548844156,3372807043.793813,146127337.900141
2024-11-08 00:00:00 UTC,0.9992782285936066,3318262533.544392,100271181.6498967
2024-11-09 00:00:00 UTC,1.0000930992266113,3333668240.9095445,95922393.82968493
2024-11-10 00:00:00 UTC,0.9981386775888714,3318972511.4046693,64494512.39077839
2024-11-11 00:00:00 UTC,1.000326976931107,3307913311.4707003,96097274.34426028
2024-11-12 00:00:00 UTC,0.9981929507149087,3349833503.2903786,163967400.02421778
2024-11-13 00:00:00 UTC,1.0012772164232429,3237324197.087477,182780646.04465628
2024-11-14 00:00:00 UTC,1.0002844836909057,3274713640.9831743,171833883.7043708
2024-11-15 00:00:00 UTC,0.9996440852565507,3272268413.578177,274149494.7005368
2024-11-16 00:00:00 UTC,1.0003651317047022,3289481346.2111964,92859683.84571849
2024-11-17 00:00:00 UTC,1.0008194708911387,3307965767.2425127,298220502.79055905
2024-11-18 00:00:00 UTC,1.000329870770354,3317395622.628236,159960764.19003814
2024-11-19 00:00:00 UTC,0.9998604338322209,3284225944.836383,84822979.02885343
2024-11-20 00:00:00 UTC,0.9993321050584408,3376010978.8413596,133623814.83446364
2024-11-21 00:00:00 UTC,1.0007637891940142,3438556734.820303,147003591.42138925
2024-11-22 00:00:00 UTC,1.0004685105525575,3451452534.37482,184201239.68887803
2024-11-23 00:00:00 UTC,0.9997265060783291,3400124441.0000634,132737281.37004529
2024-11-24 00:00:00 UTC,1.0001356492937072,3469157625.6058598,124847561.86847031
2024-11-25 00:00:00 UTC,1.0012044481534477,3477775716.6445575,83697133.66673477
2024-11-26 00:00:00 UTC,0.999686627789621,3485410985.856953,170445255.56366032
2024-11-27 00:00:00 UTC,1.0001791697264508,3396720183.5431213,132878453.81135815
2024-11-28 00:00:00 UTC,0.9999087361054876,3503982243.39435,147997955.1662129
2024-11-29 00:00:00 UTC,0.9999436047937905,3520217279.3424873,106902377.92470188
2024-11-30 00:00:00 UTC,1.0006278974602827,3534205451.981123,94895518.040119
2024-12-01 00:00:00 UTC,1.0002526539390801,3523677958.2757397,70160225.27569155
2024-12-02 00:00:00 UTC,0.9998864590032225,3544692847.5862327,66851493.948034346
2024-12-03 00:00:00 UTC,1.0004644123333462,3546851388.939578,178111483.05044827
2024-12-04 00:00:00 UTC,0.9999543761529575,3582017151.4805384,171648531.52695838
2024-12-05 00:00:00 UTC,0.9991656539565521,3558347386.9135327,167271842.72982922
2024-12-06 00:00:00 UTC,1.0012956246497868,3461847723.898301,178641193.29176813
2024-12-07 00:00:00 UTC,1.0000090901821204,3472907748.1749725,198113433.091177
2024-12-08 00:00:00 UTC,0.998053570420914,3455700133.2216163,127812002.81233329
2024-12-09 00:00:00 UTC,1.0044501094400837,3487756652.578505,119303971.11117102
2024-12-10 00:00:00 UTC,0.9995869970411253,3384536407.9587407,152319777.09890905
2024-12-11 00:00:00 UTC,0.9993991760877885,3426414239.4217596,134164483.8139216
2024-12-12 00:00:00 UTC,0.99864293530426,3444999915.3958974,102795126.73328905
2024-12-13 00:00:00 UTC,1.0000528356968599,3440835512.2549744,137228165.767414
2024-12-14 00:00:00 UTC,1.0004547464526345,3424497553.5249825,86019901.02820069
2024-12-15 00:00:00 UTC,0.9997599249875384,3448165577.7814054,112674709.762269
2024-12-16 00:00:00 UTC,0.9998041985034867,3415302513.694524,99735981.52769169
2024-12-17 00:00:00 UTC,1.0001036586393774,3423332842.0663633,193834359.40332627
2024-12-18 00:00:00 UTC,0.9995898258708692,3464338921.447304,96941203.61310834
2024-12-19 00:00:00 UTC,1.0003475097601038,3446665610.1874013,108260023.56684981
2024-12-20 00:00:00 UTC,0.9994630987487051,3455411642.7874303,245314982.65492445
2024-12-21 00:00:00 UTC,1.0009020612162516,3398724661.0770726,295789651.4162724
2024-12-22 00:00:00 UTC,1.0005430724808673,3396132780.698285,171789834.6890936
2024-12-23 00:00:00 UTC,0.9998944832460938,3396976568.503918,223733362.93944323
2024-12-24 00:00:00 UTC,1.0001295822658052,3400177242.730799,152939605.26880947
2024-12-25 00:00:00 UTC,1.0008475322864,3414243788.6050324,78983261.8176813
2024-12-26 00:00:00 UTC,1.0003900052600525,3418982643.047803,114037611.8147198
2024-12-27 00:00:00 UTC,0.9998568572450375,3457469225.7835126,93510729.67594133
2024-12-28 00:00:00 UTC,1.000520551084043,3440662500.373567,90967617.57615225
2024-12-29 00:00:00 UTC,1.0009883570578868,3432946388.0192204,66404373.71750542
2024-12-30 00:00:00 UTC,1.00050742535754,3322428058.53241,163121846.9748525
2024-12-31 00:00:00 UTC,0.9999764666624806,3404590433.5467715,189313389.67815787
2025-01-01 00:00:00 UTC,1.0008282233471806,3370638057.572003,104006421.48125114
2025-01-02 00:00:00 UTC,0.9995013496365716,3277266257.0939236,66376320.99846025
2025-01-03 00:00:00 UTC,0.9999700935842477,3392523454.324482,83667529.10200003
2025-01-04 00:00:00 UTC,0.999804962474693,3419385269.4311066,129045716.38219678
2025-01-05 00:00:00 UTC,0.9998217770345285,3423364727.4195275,98372880.84063807
2025-01-06 00:00:00 UTC,0.9996751483306748,3428058438.7937975,85864417.10290979
2025-01-07 00:00:00 UTC,1.0008159877264837,3461030438.714374,164709458.45090905
2025-01-08 00:00:00 UTC,1.0000637002640662,3424597318.407098,110532969.36359398
2025-01-09 00:00:00 UTC,0.9992712075299993,3413247003.430181,105510163.93605927
2025-01-10 00:00:00 UTC,1.0000274667286966,3435516014.5529447,143687273.69900766
2025-01-11 00:00:00 UTC,0.9999255522043916,3395962812.914729,172929306.11925328
2025-01-12 00:00:00 UTC,0.9999553337475074,3384005940.94885,87305548.22408703
2025-01-13 00:00:00 UTC,0.9998011582146128,3451754269.898975,49216149.444481
2025-01-14 00:00:00 UTC,1.0000406198057599,3481813569.370112,157081423.9670047
2025-01-15 00:00:00 UTC,1.0000789936875403,3497370949.116461,103787200.84162182
2025-01-16 00:00:00 UTC,1.0000642479271713,3549758198.463777,109866480.55457048
2025-01-17 00:00:00 UTC,0.9999976915993529,3513944859.1260715,82626970.22741303
2025-01-18 00:00:00 UTC,1.0001328386749877,3603153069.35253,111394574.90397078
2025-01-19 00:00:00 UTC,0.9998047298075982,3556583866.9778514,146090544.19601938
2025-01-20 00:00:00 UTC,0.9998916541514987,3486679446.440524,217436063.58438706
2025-01-21 00:00:00 UTC,1.000040603243395,3496901625.3829775,153368096.02519408
2025-01-22 00:00:00 UTC,1.000342564621948,3528101667.0589924,273720739.6882684
2025-01-23 00:00:00 UTC,1.0001367319470007,3544692589.091338,173760628.99798542
2025-01-24 00:00:00 UTC,1.0003293922391907,3547078620.6637044,414509301.0384401
2025-01-25 00:00:00 UTC,0.9998783890061453,3580007149.7314367,256433165.76064682
2025-01-26 00:00:00 UTC,1.000687346443283,3578444940.252273,184281243.6398939
2025-01-27 00:00:00 UTC,1.000267408820393,3574593460.4755564,181733123.9592108
2025-01-28 00:00:00 UTC,1.000133520739183,3489064957.033728,287117158.8337098
2025-01-29 00:00:00 UTC,1.0002399799689474,3530360558.1940575,239004958.1462919
2025-01-30 00:00:00 UTC,0.9999426753568798,3537218609.341757,197182283.8387025
2025-01-31 00:00:00 UTC,0.9996449868741335,3539997530.7245884,187295661.2681544
2025-02-01 00:00:00 UTC,0.9996764692294635,3517369592.197676,189710270.6032815
2025-02-02 00:00:00 UTC,0.9992794919315693,3488319478.1278586,166822410.13719445
2025-02-03 00:00:00 UTC,1.0004956457916225,3482857700.3360133,244224427.72258672
2025-02-04 00:00:00 UTC,1.0002403022258732,3476060520.7041984,665554026.2447342
2025-02-05 00:00:00 UTC,0.9995856885979708,3475678174.2635565,364949194.86193556
2025-02-06 00:00:00 UTC,0.9996511908929854,3472039414.1331944,238294153.74483344
2025-02-07 00:00:00 UTC,1.0001108016157962,3521990977.058571,238548550.16697338
2025-02-08 00:00:00 UTC,0.9996190108673056,3505289197.3192997,222221839.1777334
2025-02-09 00:00:00 UTC,1.0005600610060443,3485005375.2567177,194238817.6081513
2025-02-10 00:00:00 UTC,0.9995283889178784,3478587123.791424,148353177.0253343
2025-02-11 00:00:00 UTC,0.9998825976749062,3471074605.2584605,201390284.40316522
2025-02-12 00:00:00 UTC,0.9995721553974527,3486456886.9636035,200618972.5200059
2025-02-13 00:00:00 UTC,0.9996797355049415,3479044405.5340714,235759746.06575873
2025-02-14 00:00:00 UTC,1.0000959858426215,3481369642.0080175,233660982.34933415
2025-02-15 00:00:00 UTC,0.9999999164417529,3480232977.0715847,224862647.77662006
2025-02-16 00:00:00 UTC,0.9999653573865943,3493505535.5062847,173256513.43225905
2025-02-17 00:00:00 UTC,0.9997743529978858,3480461174.7321916,58004516.89436334
2025-02-18 00:00:00 UTC,1.0001638442299903,3538313020.2502193,190571868.94130763
2025-02-19 00:00:00 UTC,0.9996696580817565,3469918739.9640675,258756463.00895703
2025-02-20 00:00:00 UTC,0.9999152524645915,3487399606.291229,159919162.0141042
2025-02-21 00:00:00 UTC,0.9995592636864289,3506720775.232614,234029138.5102281
2025-02-22 00:00:00 UTC,0.9994406795603683,3465680627.339306,288602986.91313237
2025-02-23 00:00:00 UTC,0.9998336579401352,3433343674.6175785,136072151.79185376
2025-02-24 00:00:00 UTC,0.9996287875919382,3459139080.8239107,399362334.4028225
2025-02-25 00:00:00 UTC,0.9996021410275068,3440196645.8997765,392941329.03650683
2025-02-26 00:00:00 UTC,0.9996050753881365,3389961164.2867,431980144.46588504
2025-02-27 00:00:00 UTC,0.9994439336765951,3305853166.2960176,255556519.47229037
2025-02-28 00:00:00 UTC,0.9995868191514187,3294535105.390911,196065913.89873263
2025-03-01 00:00:00 UTC,0.9991357128754899,3271873317.382299,280922154.1837582
2025-03-02 00:00:00 UTC,0.9998928332490707,3294441281.845617,134281002.14735034
2025-03-03 00:00:00 UTC,0.9998974537280222,3299504321.866825,224569544.53120852
2025-03-04 00:00:00 UTC,1.0000289744633366,3309561648.9173193,210725022.1948499
2025-03-05 00:00:00 UTC,0.9998370117234577,3271852437.9971085,165835140.0902354
2025-03-06 00:00:00 UTC,1.0000466646533956,3258438895.0519595,121788215.68928766
2025-03-07 00:00:00 UTC,1.000126033198357,3290250099.6431823,127540203.45854339
2025-03-08 00:00:00 UTC,0.9995362240254817,3274399579.990713,171782305.8306664
2025-03-09 00:00:00 UTC,0.9998071351900089,3280273815.691128,89302056.08820368
2025-03-10 00:00:00 UTC,0.9998477353739552,3268435499.2594533,118359332.80882262
2025-03-11 00:00:00 UTC,0.999552659010123,3185472776.207862,206924383.5579771
2025-03-12 00:00:00 UTC,0.9995813605400158,3210729419.7278247,157487928.53865704
2025-03-13 00:00:00 UTC,0.9992558645981642,3218510773.1252847,129800108.89431763
2025-03-14 00:00:00 UTC,0.9997811110785427,3175141142.353759,128435063.5566332
2025-03-15 00:00:00 UTC,0.9997822543402848,3175619135.2915235,116078332.4585575
2025-03-16 00:00:00 UTC,0.9999214029339196,3206526783.4171515,102703195.41684812
2025-03-17 00:00:00 UTC,0.9998243864940412,3212257824.626767,107520844.80919361
2025-03-18 00:00:00 UTC,0.9997790495080806,3187687959.7623796,120690575.08642755
2025-03-19 00:00:00 UTC,0.9998730339018511,3190189190.4953012,132215879.19795558
2025-03-20 00:00:00 UTC,1.0000556387575712,3211385539.7460895,158451198.41820994
2025-03-21 00:00:00 UTC,0.9994378600828174,3202465306.0815935,201394606.03950655
2025-03-22 00:00:00 UTC,0.9997936406497899,3213733843.079415,115729245.67845996
2025-03-23 00:00:00 UTC,0.9998141621127626,3213682260.7031255,134331314.08365083
2025-03-24 00:00:00 UTC,0.9998852953503291,3232096702.488187,120231077.54212964
2025-03-25 00:00:00 UTC,0.9998867924836677,3274184952.0996814,155276938.18968025
2025-03-26 00:00:00 UTC,0.9998401119763345,3266609397.74183,99237297.77244188
2025-03-27 00:00:00 UTC,0.9997522826440319,3291652752.032906,139196105.1014726
2025-03-28 00:00:00 UTC,0.9994134116236439,3368269847.3482423,150953155.90258598
2025-03-29 00:00:00 UTC,0.9995639404402596,3246691659.4833865,210079685.5002426
2025-03-30 00:00:00 UTC,0.9997721101058437,3244843090.1928797,121293116.8766256
2025-03-31 00:00:00 UTC,0.9994082532630407,3261404654.5682564,102213201.10380654
2025-04-01 00:00:00 UTC,0.9997654042727655,3201756421.5870047,157248918.01746592
2025-04-02 00:00:00 UTC,0.9996259931252982,3216441418.0891767,109891535.2578696
2025-04-03 00:00:00 UTC,0.9996107642362678,3154331399.5731425,169624130.1221931
2025-04-04 00:00:00 UTC,0.999717992968064,3168397906.0337114,142653530.96484616
2025-04-05 00:00:00 UTC,0.9998713627932005,3131118884.789047,107899745.59825756
2025-04-06 00:00:00 UTC,0.999944023632451,3157853554.171986,58611776.16906377
2025-04-07 00:00:00 UTC,0.9999356353723201,3169876140.996822,209514515.04084644
2025-04-08 00:00:00 UTC,0.9997996849015591,3171190856.533886,312346388.17648077
2025-04-09 00:00:00 UTC,0.9994635586719692,3160463495.8260665,171682456.21060193
2025-04-10 00:00:00 UTC,1.0000855864396303,3135192573.5158753,175457373.1993055
2025-04-11 00:00:00 UTC,0.9998731736217907,3165477188.2245884,161809006.37538937
2025-04-12 00:00:00 UTC,0.9997113939528597,3121299505.179255,122738321.48716713
2025-04-13 00:00:00 UTC,1.000109221060707,3126326313.9918895,63225660.39938292
2025-04-14 00:00:00 UTC,1.0000280381656594,3137883684.580615,72893129.61394286
2025-04-15 00:00:00 UTC,1.0001292298865323,3138017623.2755494,103512020.65859811
2025-04-16 00:00:00 UTC,1.0002271948302195,3178272302.9258485,95001347.59858513
2025-04-17 00:00:00 UTC,1.0003014797916572,3193285616.604283,80490710.53730151
2025-04-18 00:00:00 UTC,1.0003819289355769,3169816517.6997533,109646535.50953814
2025-04-19 00:00:00 UTC,1.0002460371921196,3165217700.1717124,82744838.65746354
2025-04-20 00:00:00 UTC,1.000141581314471,3158718511.990271,63108410.811117694
2025-04-21 00:00:00 UTC,1.0000151283565621,3151452500.074145,78331024.71394378
2025-04-22 00:00:00 UTC,1.0005709790839863,3214086382.3284655,121420232.7313551
2025-04-23 00:00:00 UTC,0.9999956429702108,3264917012.804195,137329890.50604904
2025-04-24 00:00:00 UTC,1.0001850346959282,3260565966.1969857,124975227.62671003
2025-04-25 00:00:00 UTC,1.0002926830288992,3272389484.280483,92996271.96660243
2025-04-26 00:00:00 UTC,0.9999744309786253,3255251535.355803,86270765.12815027
2025-04-27 00:00:00 UTC,1.0000007145282699,3269642133.9952106,54608121.804823026
2025-04-28 00:00:00 UTC,0.999935575400179,3284507831.8001533,55482059.57479227
2025-04-29 00:00:00 UTC,1.000146766008416,3238640740.7646008,82859515.9002771
2025-04-30 00:00:00 UTC,0.99987067310402,3251107596.842671,53497010.30653962
2025-05-01 00:00:00 UTC,1.0000151064926996,3258117685.95783,44924084.93388967
2025-05-02 00:00:00 UTC,1.0000147669016024,3249022053.5571012,101301659.99735828
2025-05-03 00:00:00 UTC,1.0003204906075105,3242976710.7530627,93193983.14759561
2025-05-04 00:00:00 UTC,0.9998981222508516,3242343272.1937833,58192119.43080907
2025-05-05 00:00:00 UTC,0.9997563818529651,3283785505.4229784,53761142.74083306
2025-05-06 00:00:00 UTC,0.9998148444455346,3278970051.6309695,98004009.59368844
2025-05-07 00:00:00 UTC,0.9996932973297002,3310891013.8272457,82538055.17004962
2025-05-08 00:00:00 UTC,1.0002118409304699,3384538647.442855,93730744.75821446
2025-05-09 00:00:00 UTC,1.000161479846628,3348912056.5725226,108814806.73807295
2025-05-10 00:00:00 UTC,0.9998640067481429,3445113405.6835413,160728529.42200685
2025-05-11 00:00:00 UTC,0.9999672815847213,3479607065.06782,93632934.61479287
2025-05-12 00:00:00 UTC,0.9998921772303109,3544676287.1226788,227282181.26029417
2025-05-13 00:00:00 UTC,1.000112536055283,3571833595.3739862,166406452.47395638
2025-05-14 00:00:00 UTC,1.0000539711950087,3632552716.3366094,127026004.72540429
2025-05-15 00:00:00 UTC,1.0000951752408147,3642974640.008936,105357454.21831802
2025-05-16 00:00:00 UTC,1.0001445588851714,3654102048.183946,76084333.84720571
2025-05-17 00:00:00 UTC,1.00011184636615,3660149509.0839667,74344997.81139705
2025-05-18 00:00:00 UTC,1.0000782271419397,3667590815.9142237,67532238.26762913
2025-05-19 00:00:00 UTC,0.999907015235702,3664537498.534099,68244930.19949289
2025-05-20 00:00:00 UTC,0.9998020805394356,3640977635.6067877,109834795.55505632
2025-05-21 00:00:00 UTC,1.000094691431494,3696811159.4882894,102391184.5472232
2025-05-22 00:00:00 UTC,1.0002112270716925,3692814314.640534,132965844.59308566
2025-05-23 00:00:00 UTC,0.9999248274958582,3699149285.3760524,127622265.27533825
2025-05-24 00:00:00 UTC,0.9996869090734269,3686635554.3406787,189341080.62438643
2025-05-25 00:00:00 UTC,0.9999763315293037,3692667593.8462996,56355747.5459151
2025-05-26 00:00:00 UTC,0.9999941169796022,3698121913.71009,55402195.303350985
2025-05-27 00:00:00 UTC,1.000016264245947,3709774394.640393,55254284.37679824
2025-05-28 00:00:00 UTC,1.000135735335098,3721156733.663882,86233266.29966815
2025-05-29 00:00:00 UTC,1.0000195099264926,3773659493.4202595,73109522.71306571
2025-05-30 00:00:00 UTC,1.0000115252618196,3833949128.032715,107590148.6378896
2025-05-31 00:00:00 UTC,1.0000727292581677,3931135322.005549,94693014.51845331
2025-06-01 00:00:00 UTC,0.9998109741207892,4001029797.7169433,81808918.41751793
2025-06-02 00:00:00 UTC,0.9999578581675854,3984945322.818654,80036775.48148616
2025-06-03 00:00:00 UTC,0.999997688576501,3543492637.948603,56422627.956105605
2025-06-04 00:00:00 UTC,0.9999412000730667,3587145610.374742,88880991.27027333
2025-06-05 00:00:00 UTC,0.999943106127708,3528485227.0278516,72983286.54875802
2025-06-06 00:00:00 UTC,0.9999760451222884,3533302991.046305,118233063.24933891
2025-06-07 00:00:00 UTC,0.9999428004846719,3583741590.188169,73724928.81999996
2025-06-08 00:00:00 UTC,0.9998210206921992,3563222433.7619176,51862851.571907006
2025-06-09 00:00:00 UTC,0.9997072108325814,3585366631.3384943,46362515.48788768
2025-06-10 00:00:00 UTC,0.9993280592946386,3592541627.8762884,78269955.13668963
2025-06-11 00:00:00 UTC,0.9997187489397652,3636132269.7885003,116646731.52209423
2025-06-12 00:00:00 UTC,0.9997809768480721,3666297019.324788,84295493.12670438
2025-06-13 00:00:00 UTC,0.9998512969786961,3658392169.7767696,137718649.91554886
2025-06-14 00:00:00 UTC,0.9999487596804632,3598971210.143323,147550020.87376702
2025-06-15 00:00:00 UTC,0.9993083787602005,3592708793.5159936,53523849.89583956
2025-06-16 00:00:00 UTC,0.9995296118290476,3606636503.4103823,60237237.23245573
2025-06-17 00:00:00 UTC,0.999758201883212,3609108718.5983353,92056638.08056423
2025-06-18 00:00:00 UTC,0.9992862554061173,3782574462.574255,118968162.83099501
2025-06-19 00:00:00 UTC,0.9996241742479293,3743122058.2103844,72329755.54961646
2025-06-20 00:00:00 UTC,0.9995653942547094,3744428911.161281,57449828.03469513
2025-06-21 00:00:00 UTC,0.9995851838619009,3704492059.563722,76525819.2115189
2025-06-22 00:00:00 UTC,0.9998358758351464,3721884884.6811953,56523899.78517544
2025-06-23 00:00:00 UTC,0.9996283386350558,3690048519.7417326,71763030.57028997
2025-06-24 00:00:00 UTC,0.9998719094853611,3663136320.776552,136947878.30980095
2025-06-25 00:00:00 UTC,0.9997332371795024,3654712243.62632,66455993.78422834
2025-06-26 00:00:00 UTC,0.9999756494912275,3650471408.3144946,53381777.566063486
2025-06-27 00:00:00 UTC,0.9997528309329349,3641083805.9968057,61001780.80987627
2025-06-28 00:00:00 UTC,0.9999655739820944,3627254289.399099,49406036.329184055
2025-06-29 00:00:00 UTC,0.9996616413631465,3656433412.703834,27601074.92941185
2025-06-30 00:00:00 UTC,0.9996434487403323,3617887539.361283,45938492.29525059
2025-07-01 00:00:00 UTC,0.999874812101738,3603306026.015977,59052730.09476404
2025-07-02 00:00:00 UTC,0.9996910592298265,3591821025.789058,65363870.93034951
2025-07-03 00:00:00 UTC,0.9997575006452368,3597168122.155856,85607642.75615309
2025-07-04 00:00:00 UTC,0.9999911373635806,3605206500.1678505,81816862.62344277
2025-07-05 00:00:00 UTC,0.9999832021263068,3646436935.7755766,46380902.868228175
2025-07-06 00:00:00 UTC,0.9995951890664819,3632920975.028712,38600407.97829757
2025-07-07 00:00:00 UTC,0.9996391335101004,3642060565.158831,38550872.42166425
2025-07-08 00:00:00 UTC,1.0000893767870735,3607213654.3099713,63632519.63271436
2025-07-09 00:00:00 UTC,1.0000500085281498,3619031487.7979927,49437916.471405424
2025-07-10 00:00:00 UTC,1.0001066514384587,3635347349.8984585,105692338.54416604
2025-07-11 00:00:00 UTC,0.9996936021808018,3642412549.6178656,129192446.14297093
2025-07-12 00:00:00 UTC,1.000158781751305,3641793529.380938,142724697.59385854
2025-07-13 00:00:00 UTC,0.9998378165645389,3626872257.0825877,67574182.55463666
2025-07-14 00:00:00 UTC,0.9999871296422147,3631121006.5917993,66017019.43708618
2025-07-15 00:00:00 UTC,1.0003230469516002,3640011426.708779,129878671.09382658
2025-07-16 00:00:00 UTC,1.0000483880540096,3648176113.50219,138435137.2606178
2025-07-17 00:00:00 UTC,1.000031758720895,3646723998.9048023,142767815.9747713
2025-07-18 00:00:00 UTC,1.0002304738548786,3649288517.244984,131255157.22560433
2025-07-19 00:00:00 UTC,0.9999459821980347,3690721580.4020386,186923259.77933526
2025-07-20 00:00:00 UTC,1.0001326932194385,3697593853.4418383,62345971.645169035
2025-07-21 00:00:00 UTC,1.000077587362872,3708091602.4979634,96868851.48783612
2025-07-22 00:00:00 UTC,0.9999948879471918,3704369707.3117995,102642751.39785758
2025-07-23 00:00:00 UTC,0.9999995879989282,3730411001.386962,128365083.01076674
2025-07-24 00:00:00 UTC,0.999797286182343,3877713280.655536,129616513.36429192
2025-07-25 00:00:00 UTC,1.0000346047978779,3717057523.3080306,101344759.25388098
2025-07-26 00:00:00 UTC,0.9996641252711547,3715723326.1037064,155762472.51583067
2025-07-27 00:00:00 UTC,0.9999576103599804,3751456589.1384797,93942073.37967692
2025-07-28 00:00:00 UTC,0.9999999850695239,3756788709.3111587,75918344.10421936
2025-07-29 00:00:00 UTC,0.9998830252170231,3762368151.940397,115340570.92428689
2025-07-30 00:00:00 UTC,0.9998322873061668,3751349580.08312,91314464.13195054
2025-07-31 00:00:00 UTC,1.0000497709613767,3745737325.893877,120854914.83354451
2025-08-01 00:00:00 UTC,0.9998602921158751,3755400080.479473,109694525.47121094
2025-08-02 00:00:00 UTC,0.9998104666742648,3722411767.5447803,173656191.73465115
2025-08-03 00:00:00 UTC,1.0000980128039454,3725376356.2991447,85946622.11638871
2025-08-04 00:00:00 UTC,0.999857963105116,3744980914.282127,71341637.0019168
2025-08-05 00:00:00 UTC,0.9997806439284567,3741917340.4928703,95758134.07902126
2025-08-06 00:00:00 UTC,0.9999407466448471,3735378133.73972,122589486.48025821
2025-08-07 00:00:00 UTC,1.0001424398487533,3734594665.8476334,89240184.75466037
2025-08-08 00:00:00 UTC,0.9998563174164637,3764849082.7712297,112268607.7648671
2025-08-09 00:00:00 UTC,1.0000287790999007,3793505784.153157,79000305.97235325
2025-08-10 00:00:00 UTC,0.999913655496017,3815599174.622908,130808006.08678389
2025-08-11 00:00:00 UTC,1.0002277414452483,3824869356.0786595,101048120.35747917
2025-08-12 00:00:00 UTC,0.9999822821556313,3890334332.539562,105196266.95900948
2025-08-13 00:00:00 UTC,0.9996657538480911,3929127879.685167,307756777.1250731
2025-08-14 00:00:00 UTC,1.0000522620559789,3905971802.834321,291122435.7734486
2025-08-15 00:00:00 UTC,0.9998402472609543,4031522227.6009336,186984121.6407963
2025-08-16 00:00:00 UTC,1.0000971665309701,4041115847.2807016,186535828.63245413
2025-08-17 00:00:00 UTC,1.0000903372756544,4060161215.2999787,95369272.15962072
2025-08-18 00:00:00 UTC,0.999935789470706,4104448919.5277925,99534187.23738183
2025-08-19 00:00:00 UTC,1.0000187926695574,4128651816.48325,114357465.93270138
2025-08-20 00:00:00 UTC,0.9994519979302848,4299547660.812436,146243644.83642644
2025-08-21 00:00:00 UTC,1.0000412835446648,4252189858.1736155,136534933.5358731
2025-08-22 00:00:00 UTC,0.9998327013679946,4246143122.4797893,89973713.50154848
2025-08-23 00:00:00 UTC,0.9995834882235827,4246996667.0750766,178352433.48996446
2025-08-24 00:00:00 UTC,1.0000015633092845,4293072586.4117217,125454957.4603172
2025-08-25 00:00:00 UTC,0.999999814437773,4358505048.9986725,173726918.53905788
2025-08-26 00:00:00 UTC,0.9999541002902674,4642248613.7992,201890297.5518453
2025-08-27 00:00:00 UTC,0.9997284383573862,4563776944.837872,146146350.55989242
2025-08-28 00:00:00 UTC,0.9998433974120087,4629536317.960033,124287396.67911403
2025-08-29 00:00:00 UTC,0.9998778569415223,4704363564.807907,79768883.10852562
2025-08-30 00:00:00 UTC,0.999900984256943,4663847454.309673,114788133.82450816
2025-08-31 00:00:00 UTC,0.999857668702186,4624512852.105613,97066719.9194819
2025-09-01 00:00:00 UTC,0.9997293112625308,4570132608.627854,70147018.78296283
2025-09-02 00:00:00 UTC,0.9998509964177903,4626398925.976147,140284428.73496628
2025-09-03 00:00:00 UTC,0.9984787347003811,4608765769.072678,85217493.67075661
2025-09-04 00:00:00 UTC,1.0009346422834526,4595059196.317743,118213435.03347564
2025-09-05 00:00:00 UTC,0.9998035389926273,4574552344.584274,79198367.23583423
2025-09-06 00:00:00 UTC,0.9993203467091785,4538237951.215416,71723981.4146367
2025-09-07 00:00:00 UTC,0.9999608959031366,4480520481.436964,56425085.21941944
2025-09-08 00:00:00 UTC,0.9997688506038566,4468219222.509758,56669134.99325406
2025-09-09 00:00:00 UTC,0.9999352262822124,4473452049.907453,90111387.7589678
2025-09-10 00:00:00 UTC,0.999307605380373,4443872281.103527,108017944.91166642
2025-09-11 00:00:00 UTC,0.9998887246436718,4444598024.111409,65703059.8074894
2025-09-12 00:00:00 UTC,0.9997307308528415,4453581033.71291,108969711.05729833
2025-09-13 00:00:00 UTC,0.9997946539980289,4515051232.37186,145220442.95363903
2025-09-14 00:00:00 UTC,0.999494967127735,4590582898.08001,86275558.53547883
2025-09-15 00:00:00 UTC,1.0000622027234731,4563592629.530671,78648306.94450437
2025-09-16 00:00:00 UTC,0.9994208248774142,4569979477.627013,161350935.69088644
2025-09-17 00:00:00 UTC,0.9991400691119151,4582536876.395597,120310634.5518908
2025-09-18 00:00:00 UTC,0.9995806779630977,4570053850.5935335,70635466.27195133
2025-09-19 00:00:00 UTC,1.0000019618442086,4572874114.194302,98659028.66068141
2025-09-20 00:00:00 UTC,1.0006944307816792,4599811995.480939,72722192.41499269
2025-09-21 00:00:00 UTC,0.9998437165149989,4644419832.72943,54702530.42179184
2025-09-22 00:00:00 UTC,1.0000662519926249,4686057467.095006,39019582.16037092
2025-09-23 00:00:00 UTC,0.9997440166569107,4695808977.227762,111009658.63980027
2025-09-24 00:00:00 UTC,0.9999601698528443,4671642988.258547,100909416.12141761
2025-09-25 00:00:00 UTC,0.9993672436038926,4663572452.384179,163811011.32222015
2025-09-26 00:00:00 UTC,1.0002050361975758,4871537842.3539095,255331466.4426114
2025-09-27 00:00:00 UTC,0.9989392686694043,4607919724.806923,89610814.27064115
2025-09-28 00:00:00 UTC,0.9990231834957252,4832117472.9272995,109696199.79553805
2025-09-29 00:00:00 UTC,0.9989353211384747,4587844436.7690935,139587207.95487338
2025-09-30 00:00:00 UTC,0.999431919045876,4580119494.982845,155305612.8152869
2025-10-01 00:00:00 UTC,0.999889224849984,4590962989.919249,75865865.95239693
2025-10-02 00:00:00 UTC,0.9995238320391552,4575880203.097572,108102040.9195455
2025-10-03 00:00:00 UTC,1.0001171969263116,4522139714.369636,142730352.17987564
2025-10-04 00:00:00 UTC,1.0005408439098604,4550769627.221724,72098733.89700547
2025-10-05 00:00:00 UTC,0.9989925136052666,4536906843.436726,63452709.14364708
2025-10-06 00:00:00 UTC,0.9993854671340942,4529100103.097241,70866417.20871651
2025-10-07 00:00:00 UTC,1.0004481259961922,4523405531.367262,67450744.56572688
2025-10-08 00:00:00 UTC,1.0005544075769932,4532086232.393507,90563169.33802584
2025-10-09 00:00:00 UTC,0.9989722719270201,4539909484.017278,89791468.06161779
2025-10-10 00:00:00 UTC,0.9997206691766602,4598277086.802331,82161497.52835803
2025-10-11 00:00:00 UTC,0.9975901386674816,4611297624.337136,255276189.5310977
2025-10-12 00:00:00 UTC,0.9999701350696336,4897417291.653835,155967178.2111293
2025-10-13 00:00:00 UTC,0.9998436945925734,4590031032.024765,124013642.92722715
2025-10-14 00:00:00 UTC,1.0002978238356952,4525924618.2264,114593447.74132927
2025-10-15 00:00:00 UTC,0.9997995788288545,4551358808.0004635,117085549.88437906
2025-10-16 00:00:00 UTC,0.9986490626084928,4560186438.159722,136629503.97035095
2025-10-17 00:00:00 UTC,0.9992090094396519,4574870789.440584,102773570.42548583
2025-10-18 00:00:00 UTC,0.9996991005942941,4568240030.099077,114349187.81544033
2025-10-19 00:00:00 UTC,0.999045286976476,4856984597.8788595,88562989.76596144
2025-10-20 00:00:00 UTC,1.001166185683749,4643586610.326028,87337416.84864019
2025-10-21 00:00:00 UTC,1.0002393802725482,4679151401.409342,61620191.8223902
2025-10-22 00:00:00 UTC,0.9989791024068063,4653482244.243485,121182528.20823404
2025-10-23 00:00:00 UTC,0.9973860858060515,4670362152.968845,157888294.1297875
2025-10-24 00:00:00 UTC,0.999194039684772,4678187959.549997,201954621.4512267
2025-10-25 00:00:00 UTC,0.9991149314420104,4668838277.210717,74658503.33665842
2025-10-26 00:00:00 UTC,1.0004992378006379,4684504689.2660055,80453825.13359998
2025-10-27 00:00:00 UTC,0.9990369972851202,4657149231.031928,98274270.11524217
2025-10-28 00:00:00 UTC,1.0001600695665993,4662630780.129597,111240857.40098232
2025-10-29 00:00:00 UTC,1.0001118978204024,4672799743.551688,105005846.62938821
2025-10-30 00:00:00 UTC,0.9997723399481759,4933362162.269225,95809414.36158127
2025-10-31 00:00:00 UTC,0.9998136181272583,4681673091.94107,112978365.9035298
2025-11-01 00:00:00 UTC,1.0001003392390122,4728968920.037339,160007520.60743922
2025-11-02 00:00:00 UTC,0.9998100787225264,4626784514.737209,81086320.43844569
2025-11-03 00:00:00 UTC,1.0000689319195748,4654131113.364333,75453130.860622
2025-11-04 00:00:00 UTC,0.9989907855435481,4689618234.938627,141500062.64895436
2025-11-05 00:00:00 UTC,1.0004260482276701,4610814783.208496,213050066.32496294
2025-11-06 00:00:00 UTC,0.9999182132103152,4589839182.496789,134448893.88024938
2025-11-07 00:00:00 UTC,0.9995899280483302,4562165084.076247,125204732.30155653
2025-11-08 00:00:00 UTC,0.9997726621466516,4541020413.458577,106816193.27711837
2025-11-09 00:00:00 UTC,0.9991520056197459,4547092806.552443,82017437.13647278
2025-11-10 00:00:00 UTC,1.0003927315240606,4536404406.942192,69575860.40284438
2025-11-11 00:00:00 UTC,0.9991860501148991,4567522230.79871,68911547.9376262
2025-11-12 00:00:00 UTC,1.0003394466596558,4583346584.224576,97716860.19499145
2025-11-13 00:00:00 UTC,0.9994817548739512,4558754713.620051,108934902.85259426
2025-11-14 00:00:00 UTC,1.0000894471218753,4536082940.742185,102325837.70147361
2025-11-15 00:00:00 UTC,0.9985442670467977,4510649940.106879,133239920.05138478
2025-11-16 00:00:00 UTC,0.9995513373736865,4506316173.322362,68320545.31428939
2025-11-17 00:00:00 UTC,0.9991503258136456,4512496097.737249,87612767.7539427
2025-11-18 00:00:00 UTC,0.9993624774570713,4502831305.456019,133980834.27861439
2025-11-19 00:00:00 UTC,0.9996239270184931,4531045023.535159,146124595.2906331
2025-11-20 00:00:00 UTC,0.9986606546094391,4490144075.987729,204515549.9831628
2025-11-21 00:00:00 UTC,0.999627135050697,4501873503.4552355,95496800.23195568
2025-11-22 00:00:00 UTC,1.0000121522938592,4401806130.741749,224889522.832331
2025-11-23 00:00:00 UTC,0.9994350755070632,4391324369.373117,73550801.3347396
2025-11-24 00:00:00 UTC,1.0001966332230836,4409794501.538365,96983261.0645664
2025-11-25 00:00:00 UTC,1.0001124038026514,4412537800.21071,102559982.38613024
2025-11-26 00:00:00 UTC,0.9991732508340606,4449085720.74145,102784568.88061897
2025-11-27 00:00:00 UTC,0.9992242093336503,4441721146.775684,121075865.36750428
2025-11-28 00:00:00 UTC,0.9994447420245967,4449521729.190765,72326040.2656611
2025-11-29 00:00:00 UTC,0.9994193378047216,4454096682.681471,74809596.7769244
2025-11-30 00:00:00 UTC,0.9993171186445661,4424239965.521004,84159019.59721571
2025-12-01 00:00:00 UTC,0.9996037157818715,4440535967.469213,63048189.28298855
2025-12-02 00:00:00 UTC,0.9995285044481121,4399067177.422458,120434026.52485733
2025-12-03 00:00:00 UTC,0.9994481898320169,4356175108.584905,112550871.105615
2025-12-04 00:00:00 UTC,0.9991458775059913,4334475669.5441,85579487.03149267
2025-12-05 00:00:00 UTC,0.9989480688398881,4342872536.77237,81964899.16896226
2025-12-06 00:00:00 UTC,0.9997835922957204,4330962525.260581,78407278.59636852
2025-12-07 00:00:00 UTC,0.9995508641614672,4334332867.842055,70477357.49223731
2025-12-08 00:00:00 UTC,0.9995652210877507,4339605607.147185,59644877.37495303
2025-12-09 00:00:00 UTC,1.000555833967344,4335958421.441775,88770168.99932763
2025-12-10 00:00:00 UTC,0.9986044315274222,4336777777.269386,66139187.208178364
2025-12-11 00:00:00 UTC,1.000092441337671,4335015191.790721,52274086.74938649
2025-12-12 00:00:00 UTC,0.999268007375689,4322147701.807665,74748072.44946103
2025-12-13 00:00:00 UTC,0.9999295728040852,4321525199.63847,51259102.33375649
2025-12-14 00:00:00 UTC,0.9994481415838413,4323243282.956205,32954654.58488041
2025-12-15 00:00:00 UTC,0.9999017058823149,4367947214.81317,52219871.748402536
2025-12-16 00:00:00 UTC,0.9993601856288601,4340037226.204565,91698260.20778665
2025-12-17 00:00:00 UTC,0.9997323483387163,4328380637.785596,152416672.9604489
2025-12-18 00:00:00 UTC,0.9995192920759054,4318233300.385776,64420769.74898965
2025-12-19 00:00:00 UTC,0.9994130420389215,4299416233.084701,84523163.16799344
2025-12-20 00:00:00 UTC,0.999656391237546,4287262538.2817082,88681655.14125039
2025-12-21 00:00:00 UTC,0.9995043561064956,4267788795.2486496,70331082.94783403
2025-12-22 00:00:00 UTC,0.999846047429989,4255315191.6690288,76132954.530576
2025-12-23 00:00:00 UTC,0.9992992024180002,4257958959.7180815,75470198.99769665
2025-12-24 00:00:00 UTC,0.9992677997380571,4254883926.2754083,75635200.27749564
2025-12-25 00:00:00 UTC,1.0000675476162586,4255847748.95869,57670569.28496027
2025-12-26 00:00:00 UTC,0.999630502215063,4243162782.101805,48141216.806133986
2025-12-27 00:00:00 UTC,0.9997698297796007,4242942449.7122436,80164872.44905393
2025-12-28 00:00:00 UTC,0.9993292427169957,4250458388.73611,32863329.579642486
2025-12-29 00:00:00 UTC,0.999409767172222,4231949009.3438463,37913275.88868736
2025-12-30 00:00:00 UTC,0.998986924549054,4223045127.9234877,76044757.44412868
2025-12-31 00:00:00 UTC,0.9995413712883844,4227849848.8062673,58285285.139343105
2026-01-01 00:00:00 UTC,0.9984378185392703,4218300770.797116,54133253.29437328
2026-01-02 00:00:00 UTC,0.9991029253521986,4211381683.8736753,46865690.651176386
2026-01-03 00:00:00 UTC,0.9998279265798813,4228747759.373051,47360147.4062602
2026-01-04 00:00:00 UTC,0.9997277255035788,4222302520.397009,35761041.409599006
2026-01-05 00:00:00 UTC,0.999613155503158,4226056954.6548233,33238224.189856406
2026-01-06 00:00:00 UTC,1.000125331308247,4240961618.229266,66698214.23860362
2026-01-07 00:00:00 UTC,0.9995461744307944,4250192790.642353,61121592.468574025
2026-01-08 00:00:00 UTC,0.9995271000726061,4242401156.244724,55341327.669533476
2026-01-09 00:00:00 UTC,0.999686162973919,4243351023.1535068,53843216.92207433
2026-01-10 00:00:00 UTC,0.9995418611483325,4248945904.923875,64285989.912852764
2026-01-11 00:00:00 UTC,0.9989370612370573,4540059402.191299,31697261.357229207
2026-01-12 00:00:00 UTC,0.9992162222210994,4258550455.3480597,56247320.83040908
2026-01-13 00:00:00 UTC,0.9992175351313456,4271501962.751057,90811848.8684585
2026-01-14 00:00:00 UTC,1.000876888004497,4358022635.90305,120071574.28210285
2026-01-15 00:00:00 UTC,1.0004909477547264,4433122049.230085,233652479.95019674
2026-01-16 00:00:00 UTC,0.9996151195863472,4425157005.440983,114592345.60153174
2026-01-17 00:00:00 UTC,0.999560971418913,4414885845.789523,111015717.75479504
2026-01-18 00:00:00 UTC,0.999819866836085,4419925864.305595,60858499.950743936
2026-01-19 00:00:00 UTC,0.9994621219190197,4425233165.825134,49106698.507666074
2026-01-20 00:00:00 UTC,0.9995645046969397,4380339073.809569,73171562.32476237
2026-01-21 00:00:00 UTC,0.9994932797422521,4379860986.205196,132202031.30096911
2026-01-22 00:00:00 UTC,1.0001685931063655,4373125493.645617,81701017.65451281
2026-01-23 00:00:00 UTC,0.9990956646469293,4381220860.154053,49516767.9470769
2026-01-24 00:00:00 UTC,0.9995398035211278,4365666337.555971,63029559.38554404
2026-01-25 00:00:00 UTC,0.9997391702979014,4363345414.935758,34868874.155778885
2026-01-26 00:00:00 UTC,0.9996269674623378,4361027703.687962,58982338.63353932
2026-01-27 00:00:00 UTC,0.9990211438599225,4371246027.994353,64338883.64645463
2026-01-28 00:00:00 UTC,0.9984528388763267,4338062220.277533,65870820.82898519
2026-01-29 00:00:00 UTC,0.9989308566576903,4334752424.977973,66103593.626089424
2026-01-30 00:00:00 UTC,0.999626528524724,4340438897.250679,127186333.15249105
2026-01-31 00:00:00 UTC,0.998623148546946,4316646446.887254,159804992.26821864
2026-02-01 00:00:00 UTC,1.0011629754869797,4370812429.325101,251127514.23928627
2026-02-02 00:00:00 UTC,1.0000208511850686,4321066201.849415,112373563.6952928
2026-02-03 00:00:00 UTC,0.9997406077289149,4300507732.975151,167129872.0231239
2026-02-04 00:00:00 UTC,0.999614712976647,4544131398.9042635,95521850.3908469
2026-02-05 00:00:00 UTC,0.9993390748223787,4290699408.014042,115736978.31242086
2026-02-06 00:00:00 UTC,0.9950354276414882,4261612391.519368,306642933.3997238
2026-02-07 00:00:00 UTC,0.9998299762342839,4214861206.4318986,184835908.55497074
2026-02-08 00:00:00 UTC,1.0002354099999875,4192329060.9677877,97796511.48413946
2026-02-09 00:00:00 UTC,0.9999447930145732,4200512238.765037,105233692.83054014
2026-02-10 00:00:00 UTC,0.9999783571327776,4191209657.820866,71502502.8238076
2026-02-11 00:00:00 UTC,0.9995856856511277,4193202053.4829006,73307448.0992737
2026-02-12 00:00:00 UTC,0.9996095293345165,4181628467.7769723,84059400.6026072
2026-02-13 00:00:00 UTC,0.9997104807651842,4190505739.9018817,97595756.28207423
2026-02-14 00:00:00 UTC,0.9999551033982451,4158459598.939356,87409091.72823034
2026-02-15 00:00:00 UTC,0.9997361993685926,4162152885.089177,79768533.0331649
2026-02-16 00:00:00 UTC,0.9997955088250707,4156101621.756765,89627944.75085089
2026-02-17 00:00:00 UTC,0.9999787213889819,4158730313.3133044,67932354.0440373
2026-02-18 00:00:00 UTC,0.9996531112110933,4145513729.83777,61410362.49339897
2026-02-19 00:00:00 UTC,0.999749622503104,4177873633.0676045,73810080.3641728
2026-02-20 00:00:00 UTC,0.9993794056215848,4196064669.9462457,78415469.14957
2026-02-21 00:00:00 UTC,1.0001545356044055,4195240679.8574553,70144178.92188117
2026-02-22 00:00:00 UTC,0.9999067187458495,4186268567.7198005,43135545.589185126
2026-02-23 00:00:00 UTC,0.999656361758269,4483621997.95167,47268181.205198035
2026-02-24 00:00:00 UTC,0.9998238059695023,4194628584.174502,66912778.81604142
2026-02-25 00:00:00 UTC,0.9999164830272853,4188550317.039461,62291938.253689386
2026-02-26 00:00:00 UTC,1.0003816026593568,4198353481.0750504,69005441.27393293
2026-02-27 00:00:00 UTC,0.9987057753741655,4195457736.456969,78856953.7697244
2026-02-28 00:00:00 UTC,1.0000803849810203,4192347264.730423,60474611.871352285
2026-03-01 00:00:00 UTC,0.9996068870121079,4174100714.3467937,54212146.85630084
2026-03-02 00:00:00 UTC,0.9996001139584852,4198298470.258624,62564204.03701959
2026-03-03 00:00:00 UTC,1.0005399025511958,4227145241.889892,75734535.69868508
2026-03-04 00:00:00 UTC,0.9997541939422421,4234573039.670959,72260612.53279199
2026-03-05 00:00:00 UTC,0.9991516981082964,4257908859.347319,117717626.48390509
2026-03-06 00:00:00 UTC,1.0000803977251533,4282360119.9907084,68116332.2664965
2026-03-07 00:00:00 UTC,0.9993850298996083,4276799832.922426,59230409.84684844
2026-03-08 00:00:00 UTC,0.9999723724020168,4290900855.261966,43347291.380923435
2026-03-09 00:00:00 UTC,0.9999892703210027,4282328262.142798,46236735.30477326
2026-03-10 00:00:00 UTC,1.0001123843078512,4254329531.144609,56455385.601659626
2026-03-11 00:00:00 UTC,0.9999069837377697,4277279659.2246757,104702879.82327282
2026-03-12 00:00:00 UTC,0.9999418648245305,4263649877.1484847,143170682.7951064
2026-03-13 00:00:00 UTC,0.9999772719040967,4275059801.8762655,162985817.1996596
2026-03-14 00:00:00 UTC,0.9999247327542755,4294855628.3495893,173707352.21875742
2026-03-15 00:00:00 UTC,0.9998821323066238,4285144799.593372,137307794.896863
2026-03-16 00:00:00 UTC,1.0000026560704662,4295830817.654188,132568983.69352004
2026-03-17 00:00:00 UTC,1.0000358787496437,4286092954.317522,142992990.19036525
2026-03-18 00:00:00 UTC,0.999960415989582,4593995326.970378,151768200.87305656
2026-03-19 00:00:00 UTC,0.9998228162141033,4296520310.553829,166187183.34661457
2026-03-20 00:00:00 UTC,0.9998612501396608,4310673219.019261,147931686.22933006
2026-03-21 00:00:00 UTC,1.0000890879814153,4316084504.657817,164936866.40255874
2026-03-22 00:00:00 UTC,0.9998709500408023,4307208422.696245,128378231.8383988
2026-03-23 00:00:00 UTC,0.9997755509698637,4314567862.645008,146184521.68705416
2026-03-24 00:00:00 UTC,0.9999602472717675,4298033375.137768,177914183.11620602
2026-03-25 00:00:00 UTC,0.9997479752181085,4309900438.955278,148882550.24572092
2026-03-26 00:00:00 UTC,0.9999224136212239,4305843782.830605,149114652.03003234
2026-03-27 00:00:00 UTC,0.9998994944629065,4590504362.248651,145522492.10536322
2026-03-28 00:00:00 UTC,0.9998448709791848,4307722815.208109,406197983.04217154
2026-03-29 00:00:00 UTC,1.0000426468994112,4308182935.967159,262030009.55281153
2026-03-30 00:00:00 UTC,0.9995201900350915,4323133674.939648,342646943.3641246
2026-03-31 00:00:00 UTC,0.9997895341611392,4363162566.240931,175531676.24017948
2026-04-01 00:00:00 UTC,0.9998700130895473,4394922727.95314,166527862.9082552
2026-04-02 00:00:00 UTC,0.9999543248743724,4429361799.531587,170158237.38234866
2026-04-03 00:00:00 UTC,0.9999054821456697,4438323496.060279,148742054.78369948
2026-04-04 00:00:00 UTC,0.9998713335726167,4447696606.457385,199635683.43497992
2026-04-05 00:00:00 UTC,1.0000948503796203,4459669078.691454,132149885.42815234
2026-04-06 00:00:00 UTC,0.9999702675599439,4455100122.823337,129863361.19578257
2026-04-07 00:00:00 UTC,0.9999674905459992,4462457454.949898,71641148.54912993
2026-04-08 00:00:00 UTC,0.9984950621480863,4437883574.44214,46181033.67990406
2026-04-09 00:00:00 UTC,1.0005490324387867,4415889062.317512,35893151.998343974
2026-04-10 00:00:00 UTC,0.9995005484522267,4418221662.237497,19213988.80770585
2026-04-11 00:00:00 UTC,0.9977232336567546,4417814900.899621,27377436.988708455
2026-04-12 00:00:00 UTC,0.9998386645196514,4426185702.209097,22177375.319292966
2026-04-13 00:00:00 UTC,1.0004458387922064,4405440043.531068,106986834.91192797
2026-04-14 00:00:00 UTC,0.999386770792751,4371671668.166549,78416243.22044116
2026-04-15 00:00:00 UTC,0.9993868656298475,4365822411.724479,80665354.5810479
2026-04-16 00:00:00 UTC,0.9998607865165791,4342211977.416691,49203273.81190672
2026-04-17 00:00:00 UTC,0.9990112885977026,4343018282.507888,37874405.208968036
2026-04-18 00:00:00 UTC,0.9998384678587979,4340418745.395688,54225414.83592095
2026-04-19 00:00:00 UTC,0.999570463099073,4347658661.659494,107634409.90263669
2026-04-20 00:00:00 UTC,0.9995301235701876,4367764045.729143,248167202.0076414
2026-04-21 00:00:00 UTC,0.9995363151911429,4400931197.9422245,291189538.5798794
2026-04-22 00:00:00 UTC,0.9996872030972986,4416850480.564616,303526064.0251784
2026-04-23 00:00:00 UTC,0.99956406267919,4423935612.502092,305861491.9280318
2026-04-24 00:00:00 UTC,0.9995996499661813,4416857693.8489485,17282632.186637484
2026-04-25 00:00:00 UTC,0.9997650080355036,4415494345.346567,8611023.002951568
